wuxing,score,mod1,mod2,jixiong,brief,description,detail
木木木,92,111,222,吉,性情温厚平静，一般与同事和朋友的关系好，并具有努力奋斗不屈不挠的精神，若先天条件不忌木者，这是良好配置。若是女性，易陷孤独。,成功顺利伸展，希望圆满达成，基础安定，得能向上发展，家门昌隆，身心健全，保得长寿幸福，若巧遇（连珠局）者更加三倍以上之福力，但此为参天巨木大森林之象，须知树大招风，须提防他人之妒贤而多招风波之中伤。,"1、总论：事业或计划之事都可达成，身为职员或公务员，也能平步青云，步步高升，内外平顺圆满，家运昌隆，财运不缺。但须提防他人之嫉妒及小人之拖累招来无谓风波或损失，多在奋斗中得到稳定性的小成功。
2、性格：为人忠厚正直，做事稳健可靠，有计划的头脑，敢作敢当，大致表面温和内性刚强，主观意识过重，容易独断独行，易受到他人的不满与中伤，这点需要改进。
3、意志：意志尚称坚定，不断在追求理想，也有耐性，能克苦耐劳，得到正比的报酬。
4、事业：在稳定中得发展，一生运途平顺，可以一展自已的抱负。不适投机性事业。
5、家庭：圆满幸福，夫妻相敬如宾，任何事情有合理的洽商。
6、婚姻：男娶有才干之妻，喜欢掌理家中之一切事务。女嫁谦恭之夫，善于安排愉快气氛，使家庭和谐。
7、子女：聪明又孝顺，容易在社会上出人头地，光大门楣。
8、社交：能受到别人的尊重与欢迎，不论是薪水阶级或自营事业，都能得到提拔与照顾。
9、精神：平日劳心于工作上的计划，但精神上都能得到安慰，保持原则不好高骛远，可永保无忧。
10、财运：可依劳力的程度得到相当的财利，物质生活尚佳。属辛勤中得财之运。
11、健康：容易精神疲劳，筋骨酸痛或胃肠之少许毛病。
12、老运：为名为利，中年前辛勤，老境安然自在，晚年可享清福。"
木木火,98,113,224,吉,成功顺调，无障碍而向上发展，基础境遇也得安泰，终生享受幸福繁荣长寿的吉配。,成功顺利伸展，无障碍而向上发达，基础境遇亦安泰，事事顺利，兴盛隆昌，终生得幸福繁荣，身心健泰，保得长寿幸福。,"1、总论：成功运和基础运配置良好，做事有计划性且有进取心，容易发展成功。交际应酬要多节制，减少生活上不必要的浪费。并注意受亲友拖累损财之情事。
2、性格：为人聪明机智，做事有计划，待人诚恳，做事坦白，心情好坏都可由表情看出来，交友甚广，为别人多劳，且有浪费金钱的倾向，外表乐观，内心多劳。
3、意志：意志坚定，注重实际与工作，耐性亦佳，能克苦耐劳，创立属于自己的事业。
4、事业：有进取心，对家庭责任感重，一生辛勤奋发，很容易功成名就。
5、家庭：圆满之象，子女贤孝。
6、婚姻：男娶贤慧之妻，但容易因应酬较多，夫妻经常意见冲突。女嫁有家庭责任感之夫，感情和睦。
7、子女：子女身体健康又活泼，稍嫌顽皮，成年后都很有成就。
8、社交：与平辈朋友交往金钱上容易浪费或损失，若与晚辈或部下则较能够得到帮助与支持。
9、精神：常为亲友之事，带来精神困扰，其他大致能得到相当安慰。
10、财运：财运佳，物质丰富，兴隆通达。
11、健康：身心健康，唯肾部较虚弱及肝胆机能所起的精神疲劳。
12、老运：晚景呈祥，生活安定，子女贤孝。"
木木土,98,115,226,吉,成功顺调，无障碍而向上发展，基础也得安泰，颇能得幸福长寿自在。,人格之木立于地格土之上，顺应天地自然之妙配，莫作木克土论，此局兆，乃必安泰自在，境遇坚固稳当，如立盘石之安泰一般，能成功发达，容易达成目的，名利双收，顺利发展，幸福长寿，但切戒贪污，否则招凶以受渎职犯法之罪惩。,"1、总论：有坚定的意志，超越的眼光，容易达成目的成功发展，唯主观太重，容易一意孤行，造成意外损失，如能广纳意见，确能带来更多良机。一生较劳碌。天运五行属木者，中年后陷入困境。
2、性格：不断在充实自己能力，计划未来事业，积极向外发展，但为人较固执，自律也甚严，慷慨却不浪费，人际关系稍欠圆满。
3、意志：意志不够坚定，情绪多变化，耐性亦欠佳，处事容易冲动，会意气用事。
4、事业：辛勤苦劳中创业，一生运途平顺，中年后可一展自己的抱负。
5、家庭：气氛较严肃，但算美满。
6、婚姻：男娶良妻，心地善良，温和亲切。女嫁贤夫，家庭观念相当重。
7、子女：子女都能谦恭有责任感，在社会上发展成功。
8、社交：过于自信，有时被误会为自大，但都能以身作则独得别人信服，具有领导方面的才能。
9、精神：谋事太多，精神容易疲劳，所幸都有收获而得到精神安慰。
10、财运：您的耕耘没有白费，财神会照顾您的，属劳碌中得财，中年后财运较佳，老运更丰。
11、健康：用脑过度有精神衰弱现象，胃肠少许毛病。
12、老运：为名为利终日劳心，老运可享清福。"
木木金,45,117,228,凶,虽有成功运，多受环境或他人所迫害，有变动转移，难得平安，受部下的损害劳烦。,虽因苦心奋斗而有成功运，但基础运劣，故伸张无力，又境遇多变，常受迫害，难得平安，屡受下属威胁，为部下而致损失，劳烦、失败等，心情苦闷。（但若人格与他人格之阴阳异性：则其凶，减轻些。）,"1、总论：一生运途劳碌，为家庭劳苦，受有友之累，精神苦闷，唯有成功一时者，也难免有后顾之患，境遇多变化，且有外急难之处。
2、性格：为人正直，个性顽强固执，待人虽诚恳，但社交拙劣，易受误会，常因一怒而招来不可收拾的后果。
虽有成功运，多受环境或他人所迫害，有变动转移，难得平安，受部下的损害劳烦。（凶）。
1、总论：一生运途劳碌，为家庭劳苦，受有友之累，精神苦闷，唯有成功一时者，也难免有后顾之患，境遇多变化，且有外急难之处。
2、性格：为人正直，个性顽强固执，待人虽诚恳，但社交拙劣，易受误会，常因一怒而招来不可收拾的后果。
3、意志：意志不坚定，思想事业多变化，耐性亦欠佳，处事容易冲动。
4、事业：事业运不甚稳定，会有一时的成功，但有因好高骛远或受累而失败者。
5、家庭：夫妻不睦，子女不敬，气氛不融洽，。
6、婚姻：男娶好胜好强之妻，婚后时常争吵。女嫁有家庭责任之夫，但婚后不圆满。
7、子女：子女身体较强状，但不听管教，容易与父母顶嘴，长大后会出人头地。
8、社交；喜欢支配别人而惹人讨厌，虽有诚恳之心帮助别人，但多受人拖累又容易发生纠纷。
9、精神：为家庭、朋友及事业苦闷多多，精神上压力很大。
10、财运：时好时坏不稳定，应注意受亲友之拖累。
11、健康：外伤、呼吸系统、肝胆机能、脚疾、泌尿系统等病状。
12、老运：寂寞无精神寄托，运途多舛，难得安详。"
木木水,40,119,220,凶,有一时的成功顺调发展，但不知何时致动荡失意中形成烦闷，或招致不安之兆。,成功运很不错，足可顺调发展，配置大吉。但只怕人格数或地格数为凶数，则：最末终归渐渐的失意，流亡，失败，烦闷，刑伤，病弱，被药所杀，或招致流浪或放浪，挥霍之兆。（但若人格与地格之阴阳异性：则其凶减轻些。）,"1、总论：有才华，头脑灵敏，做事都经过仔细考虑，观察力强，信用也好，能发展成功之配置。但因数理有凶数，有家庭不幸或失败之倾向。天运五行有助者，名利可得。
2、性格：善良优雅的个性，聪明又有判断力，但较为自私，花钱较小气，比较不注重物质生活，只想实现自己的理想，经历的考验较多。
3、意志：意志坚定，为自己理想不断在奋斗，不浪费，耐性亦佳，能忍受艰苦。
4、事业：有进取心，一生辛勤奋发，中年后可一展报复，事业有成。
5、家庭：父母缘薄，夫妻不甚和睦，家庭不温暖。
6、婚姻：男娶好胜好强之妻，婚后常有小争吵；女嫁才干之夫，婚后大致圆满。
7、子女：子女个性较固执，身体较虚弱。
8、社交：外缘好，社交普通，人际关系尚称圆满。
9、精神：常有烦事来困扰，精神生活常在不安定中。
10、财运：如能减少意外损失，如天运五行有助于外格及总格时，中年后财源丰富。
11、健康：易患气喘、胃病、心脏病等。
12、老运：一生辛劳，晚景难裕，恐缺天伦之乐，身体也有病弱之象。"
木火木,98,131,242,吉,得上下惠助，顺调成功发展，基础强固，境域安泰。子孙繁荣，心身健康而获得幸福及长寿的配置。,得上下之惠助，顺调成功发展，基础稳固（但若有凶数则须提防火灾或烫伤之类），境遇安泰，地位，财产俱皆安全。子孙繁荣，心身健和，无忧自在，幸福长寿。但限若人格23数地格21数者：则甚好淫，却甚好淫，却无节制。,"1、总论：运限大致良好，但只能小成功，性情过急容易误事，交际较差，应从事人际关系较单纯的工作，减少精神负担，中年以后财运慢慢减弱。
2、性格：外表乐观，内心多苦闷，待人诚恳，但喜怒无常，感情较极端，待人热心积极而常为他人所累，耐心处事终有所得。
3、意志：意志坚定，思想正确，可依自己的理想奋发，早年稍有发展，中年后欠佳。
4、事业：事业运平凡，在稳定中求发展，一生运徒尚称如意，中年后防意外失败。
5、家庭：夫妻同心协力创造家庭，但感情稍有些不满。
6、婚姻：男娶个性稍强之女性为妻；女嫁谦恭之夫，但喜欢支配丈夫，表现才干。
7、子女：男孩多于女孩，都能孝顺父母，在社会上有所成就。
8、社交：待人诚恳，乐于解决别人的困难，想；培养人际关系但常为他人所累。
9、精神：事业虽能顺利，但总有些莫名其妙的事情，带来精神上的困扰。
10、财运：虽有财运但不丰，注意受亲友之拖累。
11、健康：有皮肤病或外伤、高血压。
12、老运：精神寂寞，财运平凡，生活尚称安定。"
木火火,75,133,244,平,得顺调成功发展，但有缺乏耐久力的缺点，或依靠性太强，招失败，有陷入失意之兆。,起初难免有孤革奋斗之感，但斗志激昂，终排除困难，达到顺调，成功发达，尤能得上位之惠肋而更伸张发展。但似乎乏其持久，耐久力，以致虽是成败交加频见，总之大体还算安然，但须防火灾或烫伤之灾。人地格皆23数：甚好淫。,"1、总论：虽有成功运，但不甘寂寞，忍耐力不够，容易一意孤行，陷入孤军奋斗，如能修身养性，定能成功顺调。名利双利，若天运五行属水，青年时代事业难成又逢灾，老运亦欠佳。
2、性格：外表乐观而豪爽，交际应酬有一套，人缘又好，但个性喜怒无常，感情易热易冷，个性急燥，容易意气用事。
3、意志：意志尚称坚定，可依自己的理想和努力，达到成功成名，但不耐寂寞独处生活。
4、事业：做事冲动而积极，很容易功成名就，一展自己的抱负。
5、家庭：夫妻美满，子女孝顺，但应节制应酬才能保持长久。
6、婚姻：男娶热情直率之妻，应减少应酬风流之事；女嫁温厚谦恭之夫，要减少让丈夫多疑之行为。
7、子女：男孩多于女孩，每个都健康活泼，稍嫌调皮，长大后都能获得相当成就。
8、社交：人缘很好，朋友很多，易与异性接触，避免桃色事件发生。
9、精神：外表乐观，内在则脾气暴，常自找精神上的负担。
10、财运：物质不缺，财源广进，富贵之格。
11、健康：注意血压过高或心脏病。
12、老运：可享受晚年，但恐缺天份之乐。"
木火土,98,135,246,吉,受上司的引进，得成功顺调发展，基础强固，身心平安，能得长寿，幸福理想。,基础坚实，心身安泰，奴上位之引进而顺调成功发展，能享得幸福，长寿，圆满。,"1、总论：配置良好，年青时就开始发展，惟性情太急，容易误事，如改进缺点，可得成功发展，富贵之命，若天运五行属水，就很难成功，中年前后多逢灾。
2、性格：有礼貌且热情，但性急且主观强，容易得罪人，与平辈朋友不很融洽，与晚辈和部属则能得到支持完成心愿。
3、意志：意志坚定，能够乐观奋斗，但耐性不足，处事容易冲动，情绪不稳定。
4、事业：事业成功顺利，有责任心，做事积极主动，可以一展自己的抱负。
5、家庭：夫妻美满，子女贤孝，圆满幸福。
6、婚姻：男娶贤慧之妻，生活美满又和睦；女嫁有家庭责任之夫，感情甜蜜。
7、子女：男孩多於女孩，有责任感且孝顺，长大定能出人头地。
8、社交：具有领导能力，得到朋友的支持，尤其晚辈朋友更融洽。但性急要改进。
9、精神：身心愉快，事业有成就。切勿自找麻烦。
10、财运：财运丰富，物质生活佳。
11、健康：身心健全，百病不侵。稍注意血压问题。
12、老运：精神物质都相当如意，晚境吉祥。"
木火金,40,137,248,凶,虽有一时的顺调发展，基础不安定致家庭突变，为不幸。,虽因勤奋而达顺调成功，外见安稳，内实不然，基础不安定致家庭违和，且受部下之迫害，徒劳无功，终于逐渐崩溃，而致失败。,"1、总论：做事只顾表面，不知内藏祸害，成功之时多注意后顾之患，才不致被人拖累，做事须脚踏实地，虚荣心不必太重，必可成功，财源富裕之格。
2、性各：为人坦白、性直，喜怒无常，容易被人误会，喜虚荣风流，感情好坏分时，幸平时为人豪爽，能得朋友之助。
3、意志：意志不坚定，喜欢投机或横发，花钱较浪费，耐性亦欠佳，处事会冲动。
4、事业：做事冲动而积极，成败常在一瞬间，宜慎重考虑，以持盈保泰。
5、家庭：不太圆满，子女又顽固，夫妻多争吵。
6、婚姻：男娶好胜寡和之妻，夫妻个性不投机；女嫁好丈夫，生活应守规矩，免受猜疑或误会。
7、子女：子女顽固不守家教，应多给予爱的教育。子女中或有身体较差的。
8、社交：交友广泛，但过于率直容易被子人误会，慎防亲友之拖累。
9、精神：身心过劳，应节制不必要的交际，理智上要多控制，避免无谓的操劳。
10、财运：财运佳，但要避免色情之灾。
11、健康：神经衰弱，呼吸系统之病，脚伤。
12、老运：晚景物质不缺，但乏天伦之乐，心情欠开朗。"
木火水,40,139,240,凶,虽有一时的顺调发展，基础不安定，恐遭意外的灾祸，多风险的配置。,水火相克，其危早验！基础极端之不安定，（尤其人格数与地格数之相差数：若正是（六数）之名，其凶加倍！）恐遇意外灾祸，有凶变，急死，意外不测，甚至丧失生命、财产，危机四伏之短寿兆。,"1、总论：配置不良，或许能有一时的成功，恐有意外变化，好景不常，应谨慎意外灾祸之发生，更应修身养性，来保住您的生命或财产。天运五行有助，可成功立业。
2、性格：喜占上风，容易得罪人，凡事好争好斗，易发生无谓的纠纷，凡事忍让点，戒除不必要的虚荣心，做事详加考虑，脚踏实地，可保身心愉快。有好色之嫌。
3、意志：意志不坚定，易受酒色迷惑，但耐性尚佳，可忍受失败的痛苦，或意外的打击。
4、事业：费心尽力为家庭劳累，如有一时的成就，宜退守为安。
5、家庭：夫妻感情不睦，应多忍耐免得婚姻破裂。
6、婚姻：男娶个性刚强之妻，常有争吵，难得幸福；女嫁有家庭责任感之夫，但婚姻不美满。
7、子女：个性孤癖，身体较虚弱。
8、社交：虽能言善道，但性情急躁容易得罪人，好面子不愿屈居人下，恐有纠纷发生。
9、精神：有后顾之忧，心神难得安宁。
10、财运：时好时坏，财源不稳，如能慎重行事，老运财源可得。必须减少浪费之事。
11、健康：注意外伤，腰酸脚痛，心肌或血管硬化。女人有妇科病或难产。
12、老运：老境孤独，较为操心，但财源不缺。"
木土木,40,151,262,凶,命运被压抑，难以成功，境遇不安，易生变动，孤独之格。,境遇不良，住居多移，环境不安定，职业受挫，成为孤独。基础运：崩破。成功运：毁坏。运命被抑压，不可能成功，永无法伸展。不但易犯严重肠胃病，且短寿易死之兆。,"1、总论：纵有冲天之志，也很难实现，总是在不平不满中度日，职业易变动，有眼高手低的倾向，容易失去好机会而无法把握，应多忍耐，注重精神上的修养。
2、性格：对外相当热心，好充面子拼排场，好奇心很强，见异思迁，感情容易失望而造成易冷易热的现象。
3、意志：意志不够坚定，思想变化大，但耐性尚佳，能忍受辛勤劳苦的日子。
4、事业：辛勤苦闷而收获不多，常在忧愁中过日，如从事薪水生活最适合。
5、家庭：与父母不和，夫妻时常争吵，子女顽固难管教。
6、婚姻：男娶好胜刚强之妻，常为小事而闹意见；女嫁不会体贴之夫，婚姻不美满。
7、子女：子女运佳，聪明活泼，但任性顽固。长大后能在社会上成功发展。
8、社交：为人坦白诚实，但不得要领，容易被欺骗，而造成待人易冷易热的现象。
9、精神：一生劳心劳力，难得清闲，精神压力很大。
10、财运：劳苦过日，纵有积蓄也有限，财运不佳。
11、健康：易患神经衰弱、呼吸器及胃肠病，或长期难治之病。
12、老运：老境孤独，财运不佳，仍需操劳。"
木土火,75,153,264,平,乏成功运，有不平不满的念头，但数理良好者，多有进展成功。,基础运吉而能达有限之成就，但因成功运受到压制，故成功之后便难再伸展了，宜养（仁德雅量），可逃灾害而得平安。,"1、总论：有限度的小成功，但时常为金钱操劳，以致无法太大的发展，在不平不满中度日，注重精神修养才是上策。
2、性格：虽然辛苦奋斗，表面温和有礼，但待人不太合群，容易引起反感，有好奇心，喜新厌旧。应培养果断力，方能成功。
3、意志：意志坚定，在恶劣环境中也能随遇而安，耐性亦佳，能忍受艰苦。一生辛勤但收获不多。
4、事业：创业过程较辛苦，如有小成就，宜退守为安，若好高骛远，只有劳民伤财。
5、家庭：与父母意见不和，夫妻大致圆满但有小争吵。
6、婚姻：男娶精明能干之妻，但时常闹意见；女嫁好胜好强之夫，婚后感情不太圆满。
7、子女：子女运相当好，个个都活泼可爱，长大后有所成就，也会孝顺父母。
8、社交：表面温和，但好出风头容易得罪人，应多忍让，以免卷入朋友是非中。
9、精神：表面乐观而内心苦闷，精神不安。
10、财运：有一时的好运，但终究陷入苦战，财源不佳。
11、健康：注意胃肠及皮肤病。
12、老运：稍得安宁，但财运仍然不得意。"
木土土,50,155,266,凶,成功运被压抑，难以有所伸张，生不平不满之念，招致家庭不和。,虽易产生不平、不满之念，招致家庭不和，但幸因知机，而养成（仁德雅量）而能亨通安详，总之大体平顺幸福，而必有相当之成就，只因成功运受到压制，故成功之后，恐难再伸展。,"1、总论：发展性很小，切勿好高骛远，以免为钱财起纠纷，家庭生活能无忧就该满足，不要不平不满，注重精神生活才是聪明人。
2、性格：表面乐观，内心苦闷，常有不平不满之心理，待人诚实而自劳，喜批评人家是非，自己却容易被煽动。
3、意志：意志尚称坚定，但缺乏果断力，处事容易冲动，情绪苦闷又不安定。
4、事业：一生辛勤而收获不多，常在忧愁中度日，六亲又难相助。
5、家庭：与父母意见不和，夫妻表面平顺，但时常争吵，家内不太平安。
6、婚姻：男娶勤俭之妻，夫妻常为小事闹意见；女嫁好胜好强之夫，婚姻不太美满。
7、子女：子女运佳，责任心重，能在社会上成功。
8、社交：待人诚恳有雅量，但要领不佳，常有受累之事发生，少管闲事为妙。
9、精神：为朋友之事及金钱问题操心，心性欠开朗。
10、财运：与金钱缘薄，纵有积蓄也有限。
11、健康：易患胃肠病，筋骨酸痛。神经质。
12、老运：运限平稳，但财源不佳，应注重精神修养。"
木土金,40,157,268,凶,成功运被压抑，消极，境遇难安，易生不平之念。,基础运佳而成功运劣，虽无大发展，但亦安定，温饱无虑，但成功运被压迫以致不能再伸张发达，故好发牢骚，幸而德量好，小过难免，但不致成祸厄。,"1、总论：为家庭生活而兢兢业业，辛勤努力之后终有收获，早年较为劳碌，天运五行属木、火时，中年后事业有成，名利可得。
2、性格：外表温和斯文，举止谦和有礼，人缘很好，但内在个性稍强，有不服人之气慨，更有眼高手低之倾向。
3、意志：意志坚定，工作态度积极，但耐心不佳，处事有虎头蛇尾之倾向。
4、事业：创业过程较艰苦，必须依赖自力而成就，中年后可以一展自己的抱负。
5、家庭：若为长子，父母恐缺其一，夫妻能和睦照顾家庭。应注意桃色事情发生，以免破坏夫妻情感。
6、婚姻：男娶贤淑之妻，替您分忧解劳；女嫁好胜好强之夫，婚后常有争吵。
7、子女：子女个性较顽强，容易和父母顶嘴，长大后在社会上有成功发展。
8、社交：人缘俱佳，能得亲朋之助，但容易和异性接近，应注意桃色事件。
9、精神：若欲望不太高，可得到满足，若好高骛远，只会带来精神操劳，别无所得。
10、财运：财禄丰足之象，但早年较辛劳。
11、健康：易患胃肠病或外伤。
12、老运：晚景物质不缺，多注重精神修养，老境自然无忧。"
木土水,40,159,260,凶,成功运被压抑，难以有所伸张，尤其容易遭遇急变、没落及不测。,基础运崩败，成功运亦毁坏，命运势劣，被压不伸，容易遭遇转劣或凶厄、急难、变死、危机四伏，短寿之兆，生命难保，幸若人格数是15数或35数者：虽最优良，仅可保免致短寿，但身心会易过劳。,"1、总论：很难成功的配置，最好保守点去领薪水，免得精神及物质损失，保重身体为要，不要让病魔缠身或意外之灾发生。天运五行属火、土可较安定。
2、性格：人虽忠厚老实，却有些固执，社交能力差，但人缘还算不错，做事要领不佳，该做的不做，不该做的却坚持行事，以致招来破财之灾。
3、意志：意志不够坚定，又缺乏实际，但耐性尚佳，能忍受一生的劳苦。
4、事业：创业过程很艰苦，必须靠自力更生，一生较劳碌，宜忍为安。
5、家庭：与父母意见不和，夫妻不睦，子女多累。
6、婚姻：男娶意志不坚之妻，家内少平安；女嫁好胜好强之夫，婚后感情不睦。
7、子女：子女运不佳，性格较顽固，身体较虚弱。
8、社交：一副表面老实的样子，还算讨人喜欢，但待人要领不佳，交友不广。
9、精神：事事不能如意，心情苦闷多。
10、财运：很难赚到大钱，不要异想天开，只能勤俭度日，未雨绸缪为老运设想，才可减少悲伤。
11、健康：胃肠、肾脏、心脏机能易患毛病。
12、老运：老境孤独，贫困又身体多病。"
木金木,40,171,282,凶,成功可能性小，费心困苦，心身过劳，多不幸。,外表似安定，内实不然，困难重重以迭卷而来，永不休止，境遇困苦，身心过劳，甚难以成功，即使勉强成功也很快再败，易惹祸端而变为短寿，或损脑筋，变成思想偏歧不正，或多遭危身灾险，家庭亦多不幸诸灾。,"1、总论：一个人的能力是有限的，不可太任性，您的主观太重害了您，您的计划及劳心劳力，大多是白费，得不到肯定，只有一个表面的空壳子，其实内部困难重重。
2、性格：您兢兢业业的精神虽然可嘉，但固执成性会增加您的精神负担及痛苦，任何事情多与人商量，多听人劝导能改变您的命运。
3、意志：意志不够坚定，只顾面子不务实际，但尚能忍受艰苦，操劳而功少。
4、事业：辛勤劳苦而收获少，费心费力而无所成，抑郁不能发展。
5、家庭：与父母意见不能沟通，夫妻感情不睦，对子女却过严。
6、婚姻：男娶意志不坚之妻，时常有意见争吵；女嫁无果断力之夫，婚后不美满。
7、子女：子女聪明顽固，反抗心较强。
8、社交：社交能力不错，外缘也佳，三教九流的朋友都有，做事不妥协，不马虎，忍耐性强。
9、精神：外表乐观，其实内心苦闷，应修身养性，求得精神上的寄托。
10、财运：终生劳苦变成空，最后财运仍不丰。
11、健康：易患精神衰弱、肺病、外伤，慎防意外之灾。
12、老运：老境孤独，凄凉，又无财运可依靠。"
木金火,40,173,284,凶,成功不佳，基础不稳，劳心劳力。,绝对不安定，多遇小人之暗害，身心过劳，基础运崩败，成功运毁坏，不能成功，即使勉强成功亦旋即再败，或损脑筋，变成思想偏倚不正，或多遭危身灾险，甚至发狂、自杀、变死诸祸端，此乃短寿之兆。,"1、总论：不安定的配置，终日辛苦奋斗，但障碍重重，很难成功，思想多变化，身心又过劳，一生难得安详。慎防意外之灾或法律上的纠纷。
2、性格：个性刚强又固执，常与人争执、纠纷，容易被误解，虽然能克苦耐劳，富进取之心，常从事超过自己能力之事来困扰自己。
3、意志：意志不坚定，有眼高手低之倾向，常有不平不满，但耐性尚佳，能忍受失败的打击。劳多而利少。
4、事业：理想高远而不能得到别人的支持，靠孤军奋斗，辛劳而收获不多。
5、家庭：不听父母意见，为家庭劳苦，夫妻难和睦，子女不受教。
6、婚姻：男娶好胜好强之妻，常有争吵；女嫁无果断力之夫，婚后难圆满。
7、子女：子女健康活泼，但顽皮而增加不少麻烦。
8、社交：不甚圆满，因好胜顽固容易与人争执，强作自己主张，又有风流之嫌。
9、精神：所谋之事都不称心，精神非常苦闷。
10、财运：纵使有点小成就，就该满足了，财运不佳，应多注重精神修养。不重金钱，有钱就花。
11、健康：易患呼吸系统疾病、神经衰弱、脚疾及外伤。
12、老运：老境孤独，财运不佳，应早作养老准备。"
木金土,75,175,286,凶,成功运虽不佳，但只要肯努力，也可获得相当的发展，惟易心身过劳，而招致不幸，但其境遇安定。,因肯努力而获得相当程度之成功，境遇安定，但成功运劣，所以难再发展，精神亦多磨劳苦。,"1、总论：家庭共同努力能有成就，如不好高骛远则可安定无忧，若不知满足定受精神劳苦，更会弄巧成拙，招来财务困难。
2、性格：为人主观又好胜，竞争心理强烈，外表乐观，内则空虚，常有不平不满之事，有风流之性，应留心色难。
3、意志：意志尚称坚定，但耐性不佳，常有不平不满之事，处事容易冲动，时常欠考虑而大吼大叫。
4、事业：具有勇往迈进的精神，但缺乏持久的恒心，宜涵养忍耐之心，定能一展报负。
5、家庭：与父母意见不和，夫妻大致圆满，但多少有点不满，子女孝顺。
6、婚姻：男娶贤淑之妻，但婚后常有争吵；女嫁顽强之夫，婚姻不太美满。
7、子女：子女都有责任感，长大能孝顺，且能在社会上有所成就。
8、社交：头脑灵敏，好管闲事，好吹虚言，婚后应避免与异性朋友太亲密，免被人误会。
9、精神：表面乐观，内心操劳，生活自律点，多注重天伦之乐，量力而为就可无忧。
10、财运：稳定中求发展，老运财源可得。
11、健康：易患偏头痛、神经衰弱、呼吸系统疾病。注意预防近视。
12、老运：老境尚安，但财运不多。"
木金金,40,177,288,凶,成功运不佳，顽固过刚，易生不和及争论，陷于非难、孤单。,过于坚刚而被人排斥，陷于不和、孤独，身心过劳，容易遭难，失败，伤害脑以致思想偏倚不正，家庭破乱，除非意志坚刚不拔而终可成功，否则其成功运至劣，难于展志成业，易惹祸端而变为短寿。,"1、总论：个性过强内外不和，事业难以发展，产生身心过劳，财运也差，只能辛勤过日，切勿勉强行事，免得意外损失或惹官司是非，注意外伤或意外灾危。
2、性格：为人好胜心强，任何事情都不愿居于人下，做事欠考虑，容易冲动，不善于言词，容易被人误会，而引起纠纷或诉讼。
3、意志：尚称坚定，有突破万难之势，但耐性不佳，做事有虎头蛇尾之倾向，很难成功。
4、事业：靠孤军奋斗，创业过程较艰苦，辛勤劳碌而收获不多，宜忍则安。
5、家庭：与父母意见不和，如为长子父母恐缺其一，夫妻常争吵，子女顽固。
6、婚姻：男娶好胜之妻，婚后常闹意见；女嫁无能之夫，婚后不美满，注意婚姻危机。
7、子女：男多于女，个性较顽固，会与父母顶嘴。
8、社交：社交不太美满，容易与人纠纷，应注意惹上法律诉讼。
9、精神：惹火烧身，身心操劳，精神负担重。
10、财运：财运不佳，只能勤俭过日。
11、健康：易患神经衰弱、头痛、外伤、肺疾等病。
12、老运：老境寂寞，仍然劳苦，财运不佳。"
木金水,40,179,280,凶,成功运不佳，常有烦恼和不安，尤其易起急变失落。,虽努力勤奋，但徒劳少得，常有烦脑不安，终因身心过劳而一再失败，陷于急变、没落、遭难、变死之悲运，虽庆喜人格与地格俱吉数，而有一时之安定成功，但为时不久。,"1、总论：如有一时的成功应满足了，否则会越陷越深，而至不可收拾之局面，带来身心过劳烦恼不安，慎防急难灾厄。
2、性格：为人节俭好静，性情孤癖，不善交际，忧郁气闷，喜怒难辩，心情常有不安之感，常有不平不满之心理。
3、意志：意志坚定，有坚强的创业毅力，耐性亦佳，能忍受艰苦。但劳多而功少。
4、事业：应从事稳定收入的生意，或薪水生活较适合，投机性行业远离为安。
5、家庭：与父母不和，家庭不太温暖，亲友无助。
6、婚姻：男娶傲慢之妻，婚后常闹意见；女嫁无能力之夫，婚后不美满。
7、子女：子女较顽固，不要过于溺爱，否则长大无法管束。
8、社交：不善交际，社交能力不佳，带来的只有苦闷与忧愁。
9、精神：事事不如意，烦闷多多，宜加强精神修养。
10、财运：平日操劳又勤俭，但是财运仍不佳，应注重精神生活减少苦闷。
11、健康：易患神经衰弱、头痛、呼吸系统疾病。
12、老运：老境稍安定，但经济、精神仍不佳。"
木水木,88,191,202,吉,成功运佳，境遇安定，配置吉。唯数理之故易遭家庭不和等烦恼。,得境遇安全，能逃灾厄，成功运佳，顺利成功发展，配置良好，但只怕人、地两格，若有凶数者：家庭变成诸多不幸，因之导致失败之虑，若无凶数，则可免忧也。,"1、总论：虽有天赋的才华，满怀的心志，但不可脱离现实太远，不要太过自信自满，有时会让您失望的，做事多加考虑，多能考虑别人的意见，您一定会成功发展。
2、性格：有创造计划的头脑，性格较为孤高，架子也大，做事只凭自己的眼光和魄力是不够的，应多调查社会实际需要再著手去做，才是成功之道。
3、意志：意志坚定，为理想能奋斗到底，耐性亦佳，能忍受艰苦，一定能成功发展。
4、事业：事业运不错，可一展抱负，易受家庭拖累而受苦。
5、家庭：因主观太强，家庭不太美满。忍耐自无大碍。
6、婚姻：男娶温厚而固执之妻，婚后常闹小意见；女嫁有才能个性顽固之夫，忍气吞声后常有争吵。
7、子女：男孩多于女孩，个个聪明又孝顺。但不可太溺爱子女。
8、社交：不太随和，自我心强，容易得罪别人，外缘尚可。
9、精神：虽然操心点总会得到安慰的，切记不要自找麻烦来伤神，必然无忧。
10、财运：您的财运很好，但须防意外牵累或损失。有起伏不定之灵意。
11、健康：易患胃肠、泌尿系统之病。
12、老运：为名为利终日劳，晚景可享清福。"
木水火,40,193,204,凶,一时虽可以发展，但基础不稳，易生急变。,一时博得名利，因基础不稳，水火急变，最终也凶，易生病难、急祸、克妻与家庭之不幸，若人格数与地格数：相差了六数，乃犯六冲之短命兆，有大凶厄或变死之虑。,"1、总论：会有一时的成功，惟恐太大意、任性或被拖累而遭失败，因为基础运不稳，处事要多加慎重，步步为守，才能成功。虽有财运，慎防意外病痛或灾危。
2、性格：精神生活常感到不安，常有后顾之忧，做事都一意孤行，不愿接受别人的意见，以致陷入孤军奋斗，天运五行属火、土时，中年后大成功。
3、意志：意志不坚定，是非分不清，容易惹麻烦，但耐性好，可忍受艰苦，有小缺点总是难改。
4、事业：早年辛勤劳苦而收获少，中年后可一展抱负，须防再陷入困境。
5、家庭：虽有孝心但行动或口头表面却相反，夫妻常反目，对子女过严。
6、婚姻：男娶无能寡和之妻，婚后常有争吵；女嫁有才俊之夫，婚后不甚美满。
7、子女：子女虽活泼，但身体较虚弱。长大后独立心较强。
8、社交：人缘好，社交能力也不错，但交友不广。兄弟姊妹易产生误会。
9、精神：理想太高，精神多操劳，心性欠开朗。
10、财运：时有时无，财源不稳，慎防因判断错误而陷入失败。
11、健康：易患胃肠、心脏、脚疾之病。
12、晚景：物质不缺，但精神仍不安定。"
木水土,40,195,206,凶,一时可以成功，但会逐渐崩破而归于失败，基础易生突变。,一时虽可得成功，但会渐渐的崩溃而归于失败，表面安定，内有急祸，心情烦闷不安，容易生突发之急变灾难，甚至发生料想不到之灾危或祸端。,"1、总论：成功之时要慎防随时发生的祸害，不如意时也不要自暴自弃，以您的才华定能创立一番事业，但做事不可太主观，多接受他人的建议，对您是有利的。
2、性格：凡事好胜好强，以自已的意见为重，好面子，不认输，善于舌战辩论，虽有才华，但不可太自满，免得别人误会您架子大。
3、意志：意志不坚定，易受世俗迷惑，耐性亦不佳，处事欠考虑或冲动，思想多变化。
4、事业：早年事业不顺，有志难伸之象，中年后趋向稳定。
5、家庭：夫妻常争吵，子女顽固。
6、婚姻：男娶好胜好强之妻，婚后夫妻不睦；女嫁有贤才之夫，婚后大致美满。
7、子女：子女有责任感，但顽固，长大会有成就。
8、社交：人缘很好，个性强，言谈有信心，给人有信赖的感觉。
9、精神：外表乐观，内多操心，更有后顾之忧。
10、财运：时好时坏不稳定，只能靠意外之财或祖产。
11、健康：易患泌尿系统及子宫病、胃肠、脚疾等。
12、老运：老来忧闷不安，物质生活不稳定。"
木水金,70,197,208,凶,虽然成功运佳，基础安定，财格俱得配置，惟数理凶，易生不平不满。,基础安定，成功运佳，财利名誉俱得并大发展之势，健康、长寿、幸福之兆，唯若人格或地格若凶数，恐因好大，喜功，行事亦易招败，若无凶数，则可免忧虑。,"1、总论：若不好胜急进，保守行事的话，可以成功成名，只怕因好大喜功而企图从事超过自己能力财力的事，易遭失败，应自己警惕以防万一。
2、性格：为人头脑聪明且勤奋，但做事观前不顾后，漏洞太多，喜发横财，而从事投机生意，虽有财运但要谨慎行事，以防万一。
3、意志：意志坚定，注重理想而不重物质享受，但耐性不佳，处事有虎头蛇尾之象。
4、事业：事业运尚称顺利，但常因自己的判断错误而劳命伤财。
5、家庭：因主观太强又固执，夫妻难得和睦。
6、婚姻：男娶好胜之妻又固执，婚后常争吵；女嫁固执之夫，婚后不甚美满。
7、子女：子女个性顽强，身体健康，比较容易和父母顶嘴。
8、社交：外缘与社交能力普通，性情多变化，大多会倾向于风流好色。
9、精神：表面乐观，其实内心空虚，应注意精神修养。
10、财运：时好时坏，老运财源安定。
11、健康：易患泌尿系统、筋骨酸痛证。
12、老运：平生多劳心，晚景可享清福。"
木水水,60,199,200,平,虽可成于一时，但易生破乱，但也有富豪长寿的可能。,前运虽苦而后运甘甜，能顺利成功并大发展，为富豪，享长寿安宁，但人格、地格若凶数恐有病弱或流亡失所之虑，若无凶数，则可免忧虑。,"1、总论：有才华，头脑灵敏，做事都经过仔细考虑，观察力强，信用也好，能发展成功之配置。但因数理有凶数，有家庭不幸或失败之倾向。天运五行有助者，名利可得。
2、性格：善良优雅的个性，聪明又有判断力，但较为自私，花钱较小气，比较不注重物质生活，只想实现自己的理想，经历的考验较多。
3、意志：意志坚定，为自己理想不断在奋斗，不浪费，耐性亦佳，能忍受艰苦。
4、事业：有进取心，一生辛勤奋发，中年后可一展报复，事业有成。
5、家庭：父母缘薄，夫妻不甚和睦，家庭不温暖。
6、婚姻：男娶好胜好强之妻，婚后常有小争吵；女嫁才干之夫，婚后大致圆满。
7、子女：子女个性较固执，身体较虚弱。
8、社交：外缘好，社交普通，人际关系尚称圆满。
9、精神：常有烦事来困扰，精神生活常在不安定中。
10、财运：如能减少意外损失，如天运五行有助于外格及总格时，中年后财源丰富。
11、健康：易患气喘、心脏病等。
12、老运：终生辛劳，晚景难裕，但恐缺天伦之乐，身体也有病弱之象。"
火木木,98,311,422,吉,颇有向上发展的生机，目的容易达到而成功，基础、境遇俱佳而安泰，必定长寿享福，配置吉祥。,基础安泰，贵人相助，向上发展，易迅速达成目的，而得大成功发展，享洪福又长寿。,"1、总论：配置很理想，可顺利发展成功，做事较积极且有计划，不辞艰苦，大都在中年以前就能在社会上建立良好的信誉。天运五行属水时，中年后会陷入失败或逢灾。
2、性格：外表乐观，喜助他人，为别人多劳，但内心多烦闷。喜欢研究事情动脑筋，不断进修自己，积极向外发展，必能有所作为。
3、意志：意志、耐性尚称坚定，思想亦正确，能平步青云，一展抱负。
4、事业：家内团结一致，能专心创业而得到成功发展，名利可得。
5、家庭：事业过程较劳碌，对家庭责任感重。能在社会上一展抱负。
6、婚姻：男娶贤淑之妻，婚后圆满；女嫁有才干之夫，婚后不太圆满。
7、子女：子女聪明而孝顺，能在社会上成功。
8、社交：人缘与社交能力都不错，快人快语容易得罪人，与晚辈或部属较投机。
9、精神：精神虽有点烦闷，但事事都能让您称心，得到良好的安慰。
10、财运：能掌握时机，财源滚滚而来。
11、健康：易患气喘、呼吸系统之疾。
12、老运：晚景吉祥，衣食无忧无虑。"
火木火,98,313,424,吉,成功运佳，向上发展容易达到目的，基础、境遇俱佳而安泰，必定长寿享福，配置吉祥。,由努力至成功，向上发展，诸志易成，百事安泰，身心健康，得享长寿富荣，但因火力过大，提防火灾或烫伤之险，若无凶数，则可免忧虑。,"1、总论：有发展之运势，做事能率先垂范，只怕过于自信，陷入一意孤行，而使心情烦闷，为家庭多劳苦，中年后可成功发展，但天运五行属木，一生劳碌功少。
2、性格：为人慷慨好面子，心理善良，外柔内刚，努力奋斗，快人快语且有自大之象，博学而不能专精于一艺，善于安排人生乐趣。婚后倾于风流。
3、意志：意志坚定，凡事依计划进行，耐性亦佳，能忍受艰苦，是创业的人才。
4、事业：事业过程较劳碌，对家庭责任感重，能在社会上一展抱负。
5、家庭：夫妻子女都勤勉和睦，共享天伦之乐。但应减少应酬，才不致发生意见冲突。
6、婚姻：男取贤慧之妻，婚后感情融洽；女嫁有才干之夫，婚后美满。
7、子女：子女优秀，个个健康又活泼。长大后在社会上发展很好。
8、社交：为人比较严肃，让人有敬畏的感觉，人缘不错，社交也能成功。
9、精神：为事业多操劳，但精神尚能得到安慰。
10、才运：平日辛劳没白费，财源尚佳。
11、健康：泌尿系统较弱。
12、老运：中年前辛劳，晚景尚称安定。但精神较烦闷。"
火木土,98,315,426,吉,向上进取容易成功而富贵，基础犹如立于磐石，泰然安康，心身健康，得享长寿。,基础坚固，毫无变动，如立盘石之上发展，达成目的，向上进取，努力奋斗，容易成功富贵，顺利发展，安泰健身长寿。,"1、总论：坚强的毅力，能克服人生难关，有创业的天才，可积极向外发展成功，必能在社会上有所作为，但有意外失败及灾厄发生之灵意。
2、性格：好胜心较强，待人谦虚客气，但自律较严，不肯与人妥协，交际不太圆满，对自己满怀信心，容易陷入一意孤行。
3、意志：意志不坚，表面有毅力，外实内虚，耐性亦不足，处事冲动，欠考虑。
4、事业：事业成功有望，但创业过程较劳苦，中年后可一展抱负。慎防突然的崩溃。
5、家庭：生活大致圆满，夫妻有争吵之象，子女勤劳孝顺。
6、婚姻：男取勤俭贤淑之妻，婚后感情不甚和睦；女嫁有才干之夫，婚后生活圆满。
7、子女：子女少但有责任感，且都能孝顺父母。长大后成功率很高。
8、社交：有照顾他人的美德，但得不到亲友之助，交际平凡。慎防亲友拖累。
9、精神：内心有点苦闷，但都能得到安慰，喜忧参半。
10、才运：辛劳中有收获，才利可得。没有意外之财或祖产。
11、健康：易患神经衰弱，肝胃病。
12、老运：一生辛劳，晚景尚难安，精神不安定。"
火木金,40,317,428,凶,一时虽可成功，但境遇不安，转徙移动。,可以发展成功，但境遇不安定，易转变移动，受下部之迫害殊多，身心过劳，多变化终于转败，且须防有交通事故之危险，另一方面也须提防被武器杀伤或外伤大流血之虑。,"1、总论：事业多变化，胜败不定，应多忍耐克服难关，不为人作保或做金钱上之贷借，免受牵累，注重身体为要，慎防外伤及意外灾厄。
2、性格：做事总是不认输，性情孤高而苦闷，凡事缺少耐力，大多中途而废，应从事人际关系较单纯的行业。
3、意志：意志不坚定，表面有计划且辛勤，耐性亦不佳，做事有虎头蛇尾之象。
4、事业：如能脚踏实地，会有相当收获，若好高骛远，会遭致失败的打击。
5、家庭：不很幸福，子女不孝，夫妻常有争吵。
6、婚姻：男娶好胜好强之妻，婚后不和睦；女嫁温厚才干之夫，婚后不太美满。
7、子女：子女个性顽固，不听管教，慎防成为问题少年。
8、社交：有很好的人缘和外交能力，但却容易被卷入朋友是非中，受到拖累或损失。
9、精神：事事不如意，烦闷不安，精神欠开朗。
10、财运：时好时坏，应脚踏实地，谨慎行事，方可确保财产安全，。
11、健康：易患精神衰弱，脑溢血，高血压，外伤或杀伤。
12、老运：平生劳苦，晚景吉祥，衣食无忧。"
火木水,40,319,420,凶,虽可成于一时，但多陷于失败，家庭离乱尤其有急变的灾祸。,因勤勉而成功发展，名成利就之吉兆无疑。（但只怕人格、地格为凶数，则易生家庭之杂乱，再加以天地格水火相克，会恐好景不长，必有失败之一天）。,"1、总论：一生努力奋发向上，遇到任何困难都会耐心克服，能得到成功发展，但惟恐受意外灾厄。或被人拖累，以致遭到失败的打击，天运五行属水，成功较快。
2、性格：有创业的头脑与能力，为人努力又能忍耐，性情坦白直率，喜欢安静，少言而多行，讲话很干脆，有不认输的倾向。
3、意志：意志坚定，注意实际与工作，耐性亦佳，思想正确，可一展抱负。
4、事业：适合脚踏实地的稳定性行业，不可投机或好高骛远，免劳命伤财。
5、家庭：夫妻都能勤俭持家，但感情不太和睦，家内不甚平安。
6、婚姻：男娶好胜好强之妻，婚后感情时好时坏；女嫁有才干之夫，婚后大致美满。
7、子女：女孩较多，个性较为孤独，身体较虚弱。
8、社交：有仁慈之心及努力忍耐的个性，受到别人的信赖，人缘及社交能力都不错。
9、精神：表面乐观奋斗，恐因意外事件而带来精神不安与操劳。
10、财运：终日辛劳，有所成就，财运尚佳，天运五行属金，一生劳多利少。
11、健康：易患泌尿系统疾病。
12、老运：晚景可享清福，衣食无忧，安然自在。"
火火木,98,331,442,吉,盛运昌隆，助者或共事者亦得一帆风顺而成功，基础稳固而安定，心身健全，得长寿享荣誉。,境遇巩固有下属之助，地位财产，俱为安全，排除诸障碍，凡事如意，盛运隆昌荣誉，助者或共事者亦得一帆风顺而成功发展。（但若有凶数者，亦须提防火灾或烫伤之事）但人格23数、地格21数备全者，而他格有凶数者：很可能好淫无节制。,"1、总论：做事较急性，主动又积极，容易达成目的，发展成功，注意因大意而造成的损失及色情之灾。天运五行属木，一生成功较快。
2、性格：性急且多疑，善于待人接物，喜欢社交应酬，乐于帮助别人，心情乐观而豪爽，但内心较操劳。
3、意志：意志坚定，能乐观奋斗，容易达到理想，一展自己的抱负。
4、事业：受到亲友的帮助很多，事业过程能够顺利，少年早达之象。
5、家庭：夫妻圆满，子女多孝顺，家庭幸福之象。
6、婚姻：男娶贤淑之妻，婚后注意桃花事件；女嫁有才干之夫，婚后应节制社交应酬。
7、子女：子女聪明又活泼，长大后能在社会上成功发展。
8、社交：外表乐观，合群又喜出风头，能得亲友之助，有桃花运较多的倾向。
9、精神：心情愉快，精神饱满，天运五行属木，一生可保无忧。
10、财运：财源可得，运境吉祥，天运五行属水时，成败常在一瞬间。
11、健康：容易长青春痘，易患气喘高血压等症。
12、老运：晚景富裕，性情较急，心神多烦。"
火火火,75,333,444,平,性情活跃好动，偏于急性，缺乏耐力，有良好的智谋，才识敏捷，但自制能力教差，往往固执己见，刚愎不仁，因而可能招致失败。,一时盛运，而可成功发展之吉兆，但因根基薄弱，孤军奋斗，缺乏耐久力以致好景不长，故若轻浮疏忽便招致失败，戒之，但须知火多成灾之理，尤须提防火灾或烫伤之事，但若人格与地格皆属23数者，他格有凶数则：贪淫好欲而无节制。,"1、总论：有成功发展之运势，但过于急进及缺乏耐力，恐有失意之时，做事如能详细计划，稳重行事，可立于不败之地，天运五行属水时，一生变化不安。
2、性格：急性子，热情且礼貌周到，注重外表的装饰，为人豪爽，内藏爆发性质，且有桃花运的倾向，又不耐寂寞的生活。
3、意志：意志不够坚定，做事有虎头蛇尾的倾向。但思想正确，可一展抱负，财利可得。
4、事业：宜自己创业或开店当老板。凡事不可粗心大意或操之过急，否则有失败之虑。
5、家庭：大致圆满，应节制应酬或风流之事，以免影响夫妻和睦。
6、婚姻：男娶明朗大方之妻，婚后有人为因素争吵；女嫁英明才华之夫，婚后持家有方。
7、子女：男孩多于女孩，活泼而顽皮，会给您带来一些麻烦。
8、社交：性急容易得罪人，但为人很有礼貌，社交及外缘仍很不错，不可太风流。
9、精神：外表乐观，内有空虚感，应注重精神修养，培养耐力及定力。
10、财运：财运佳，能有很好的物质享受，应注意因疏忽而带来意外损失。
11、健康：易患高血压，血液循环系统疾病。
12、老运：晚景安宁，事事如意，名利可得。"
火火土,60,335,446,凶,外表吉祥，虽可成功发达，但过于急迫，且缺乏忍耐力，因而易生分离作用。,吉祥顺遂，成功发展之吉兆，但若人格、地格有凶数，易生不良诱导，终陷于灾难悲运，被人陷害连累等，甚至有财败人离之虑，若人地二格无凶数，则大体是长寿幸福的。,"1、总论：吉祥中带有不安的配置，一生劳劳碌碌的艰苦经营，博得成功，但内藏不祥之兆，有意外灾厄或被连累损失之虞。天运属火，中年前名利可得。
2、性格：有很好的修养，为人坦诚直率，待人颇佳，能克勤克俭负起家庭责任，有时性情过于急躁，应予改进。
3、意志：意志坚定，不受世俗迷惑，但耐性不佳，做事有眼高手低之倾向。
4、事业：创业途中经过千辛万苦，又遭到许多无情打击，应继续忍耐，一定能成功。
5、家庭：如为长子父母恐缺其一，其他仍有缘薄之灵意，应早为自己生活打算。
6、婚姻：男娶勤俭之妻，婚后尚称美满，但有不安之感；女嫁有才干之夫，婚后夫妻和睦。
7、子女：男孩多于女孩，聪明又孝顺，长大后能于社会上成功发展。
8、社交：以礼待人，诚实无欺，乐于帮助别人，喜欢和人闲聊，能与人和睦相处。
9、精神：虽然工作上较为劳苦，心理上还是有所安慰，不必计较得失，您心情会更开朗。
10、财运：中年后财运才能稳定，应注意不为人作保或引起财务上的问题，以免受累。
11、健康：火土太旺，容易有高血压的现象。
12、老运：老境虽有财运，但精神仍然不安。"
火火金,60,337,448,凶,一时虽可成功，但心却经常不安，心身过劳。,一时虽可得成功，但外见安稳而内实不然，为人过分风流好淫而又常受不良之部下陷害，以致身心过劳，终至失败或夫妻激烈不睦，双火克一金，很可能与人结怨仇而发生祸端杀人或被杀，或遭火灾，乃双死之短寿兆。,"1、总论：如有一时的成功莫太大意，里面隐藏著随时会发生的祸害，有被人拖累或家内不和的灵意，慎防意外之灾及人为的伤害，天运五行属金，一生较能平安发展。
2、性格：性情急躁，有虚荣心，爱粉饰外表，又好色风流，容易与他人或夫妻间发生无谓争吵，应多存忍让之心，以保平安。
3、意志：意志不够坚定，喜欢投机或横发，耐性亦不佳，处事会有冲动，欠考虑。
4、事业：人有冲天之志，野心勃勃，可成功创业博得名利，投机或不法之钱财远离，慎防意外失败。
5、家庭：家内多争执，应多忍让，免得造成婚姻危机，子女应多给予爱的教育。
6、婚姻：男娶忧闷寡欢之妻，婚后不美满；女嫁个性卤莽之夫，婚后不和睦。
7、子女：子女个性比较固执，心性顽强，长大后独立心较强。与父母不和。
8、社交：喜欢打扮外表，追求异性较大方，善于言词，风流要有限度。
9、精神：外表乐观，内心苦闷，精神常在不安定中。
10、财运：财运好但不稳，有财来财去之灵意，花钱如能节制，防止意外失败，财利可得。
11、健康：易患呼吸疾病，身心过劳、皮肤病，脚疾等。
12、老运：老境孤独，但钱财不缺，应注重精神修养。"
火火水,35,339,440,凶,非常不安定的配置，易生意外灾祸。,风**秽之极，而又非常不安定之命运，易生意外之凶变或遭水灼袭，即使一时侥幸而成功，但亦不能持久，终陷于危祸，受意外灾难而破财或丧生，变死之机遇特多之凶兆，此乃发生不测突变而致死之兆。,"1、总论：在苦闷中孤军奋斗，创业途中经过许多挫折和不如意，只要能坚持到底，克服一切难关，定可成功发财，注意受亲友拖累，或意外之灾厄。一生很难稳定。
2、性格：做人做事太注重细节，思想较偏激，不愿与人妥协，心情多苦闷，精神时感不安，有喜好酒色之倾向。
3、意志：意志不坚定，表面上虽有计划，易受世俗迷惑，但耐性尚佳，可忍受失败打击。
4、事业：不要好高骛远，保守性的事业有财利，超过能力或财利之投资会遭受失败的打击。
5、家庭：家内多争执，有婚姻危机，应多忍让。
6、婚姻：男娶好胜好强之妻，婚后多争执；女嫁个性卤莽急躁之夫，感情不美满。
7、子女：个性顽强固执，身体状况稍差。
8、社交：与人相处有不适应感，不善于交际，容易卷入朋友是非中，平白遭受损失。
9、精神：表面乐观，心情苦闷，精神不安宁。
10、财运：好坏难分，财运不稳，应节制开支，可免后顾之忧。
11、健康：易患高血压、心脏机能及泌尿系统疾病。
12、老运：晚景难有进展，精神不安多烦。"
火土木,80,351,462,平,虽得上级提拔，以祖先的余德，可成功，但其基础不稳，扰动繁多。,虽得尊长（或上司）之爱护提拔，或祖先之余德，而必可成功发展，但基础是（土在上而木在下）之相克而含有崩败运，故境遇多凶变，财帛易散，成败频见，身份也因之时贵、时贱。,"1、总论：中年靠努力而有所成就，但容易为亲友拖累或乱投资事业而遭失败，心情难免不安，身份时贱时贵，有变动之灵意，应注意因判断错误而遭失败的打击，一生变化较大。
2、性格：为人表面温宏雅量，比较好面子又好出风头，虽诚恳待人，却容易得罪人面临卷入朋友的是非中，平白遭受损失。
3、意志：意志不够坚定，易受人煽动。但尚能忍受艰苦，一生运程变化较大。
4、事业：应从事较踏实的工作，不可好高骛远，容易发生错误投资，而带来失败或资金上的困扰。
5、家庭：家内不和睦，且为家庭劳苦受累，子女亦不敬。
6、婚姻：男娶好胜好强之妻，婚后不甚美满；女嫁精明才干之夫，婚后意见不和。
7、子女：子女虽聪明，但有反抗心理，长大后尚能在社会上成功发展。
8、社交：口才表达能力较差，表达的意思易被误解，社交上不太圆满。容易卷入朋友是非中。
9、精神：表面乐观，内心劳苦，精神不安定。
10、财运：财运不佳，应多节俭，减少意外拖累或不慎的投资，以免造成赤字。
11、健康：易患胃肠病、肾虚、妇人病等。
12、老运：晚景虽保安静，然不得意，精神多操劳。"
火土火,98,353,464,吉,得上级提拔，享父母余德，易成功，心身健全，得长寿享荣誉。,能安定，可逃灾害，部下得力合作，能成功，由尊长之爱护提拔或父祖余德所荫益，得隆昌而大发展。,"1、总论：运限良好可由上下之助而成功发展，但做事较为保守，冲劲不足，因此收入是有限度的，如能培养做事魄力及创业精神，才能得到更多的良机，一生辛勤平凡，发展有限。
2、性格：性情温和，宽宏大量，比较注重精神方面的修养，为人慷慨而不浪费，很有家庭责任的人，有因为助人而受拖累之灵意。
3、意志：意志坚定，不重虚名，保守行事，耐性亦佳，凡事三思而后行，不易冲动。
4、事业：喜欢从事比较安定无忧的工作或事业，不适合投机性的事业，因此发展有限。
5、家庭：一家老幼都能各睦相处，共享天伦之乐，但物质生活不富裕。
6、婚姻：男娶贤淑之妻，婚后持家有方，个性较强；女嫁温厚才干之夫，婚后感情和睦。
7、子女：子女都健康活泼，幼年时期较顽皮，长大后能在社会上成功发展。
8、社交：虽有很好的人缘，但不善于口才，社交发展有限。
9、精神：外表乐观，内心苦闷，但精神生活尚称如意。天运五行属火，一生较为愉快。
10、财运：财运平凡，有受拖累损失之兆，应多注意不为人作保。
11、健康：大致健康，唯易患高血压及胃肠之症。
12、老运：虽无很大的发展，晚景大致安乐无忧。"
火土土,98,355,466,吉,得上级提拔，享父母余德，易成功，心身健全，得长寿享荣誉。,有父祖余德所荫益，或由长辈爱护栽培，易向上发展，境遇安泰，虽无惊人成就，但可平顺而逐渐伸展，欣庆幸福长寿之兆。,"1、总论：有良好的发展运势，得到意外之助而成功发展，身心健康，家庭幸福，但发展有限，财运不稳之兆。
2、性格：为人谦和有礼，遵守公共道德及信用，做事稳重且踏实，对待部属宽厚大方，受到尊敬与欢迎，是一位很好的领导人才。
3、意志：意志尚称坚定，但耐力不够，处事有喜新厌旧之象，大都有无法坚持到底。
4、事业：任何事业对您都适合，碰到任何困难都有贵人相助，让您一展抱负。
5、家庭：一家老幼和乐融洽，子女又孝顺，夫妻亦能和睦相处。
6、婚姻：男娶贤淑之妻，婚后感情美满；女嫁谦恭才干之夫，婚后家庭幸福。
7、子女：子女都谦恭有礼且有责任感，长大后事业成功并能孝顺父母。
8、社交：人缘很好，性情明朗愉快不拘小节，受到人家的欢迎及异性的接近。适合领导及管理之工作。
9、精神：生活很愉快，内外圆满，诸事一帆顺。
10、财运：所做之事都有成功之象，财源可得，天运五行属水，劳多利少。
11、健康：身心健全，少灾。注意血压即可。
12、老运：晚景尚称如意，可享清福。"
火土金,75,357,468,凶,得父母余德，或长辈的引进而成功发展，惟因具有消极倾向，易心身过劳。,得部下拥载，及长辈引进，而得成功发展（五行顺相生，从上生下，配置良好），易得财利、名誉、事业隆昌，长寿少病之兆。,"1、总论：虽有成功发展的配置，但不知何故，总是无法如愿，财运难得，纵有也难保，做事有眼高手低之感，消极又无力之倾向，天运五行属火时，中年前后可成功一时。
2、性格：为人虽诚实守信，但意志消极，缺乏果断力，做事较固执，容易遭受挫折，不是创业的人才，中年后有色情之灾。
3、意志：意志坚定，虽得不到天时地利但得人和，耐性不佳，做事有虎头蛇尾之现象。
4、事业：如有小成功应该满足，计划之事都在五里雾中，创业难成功，应避免精神及财务损失。
5、家庭：起初有圆满之象，中年后恐有婚姻危机，子女反感之灵意。
6、婚姻：男娶勤俭之妻，中年后恐有夫妻反目之嫌；女嫁温厚才干之夫，婚后大致圆满。
7、子女：子女较顽固，比较容易和父母顶嘴，长大后在社会上仍有所成就。
8、社交：外表老实，做事沉著不积极，是标准的好好先生，当心受骗而损财。
9、精神：表面好像无忧无虑，其实内心郁闷不安，精神总有不安之感。
10、财运：财运不佳，虽节俭也未必能解决因难，应尽量避免其他损失，或受牵累。
11、健康：大致健康，防泌尿系统之病。
12、老运：事事不能如意，劳碌不安，应注重精神修养。"
火土水,50,359,460,凶,虽得祖上余德、或长辈之提拔而成功于一时，但恐吉变凶之数。,虽有长辈的爱护提拔，或父祖之余德荫益，而可成功于中年或壮年，但基础运劣，须防青年或晚年期之急变没落或遭受病苦、破财、失败或因色情事被杀等之不安定，凶运频来之兆。,"1、总论：一生劳碌难得安宁，纵有一时成功也难免失败，事业命运多变化，容易受人欺骗或拖累而散财之灵意。天运五行属金时，中年可发展，晚年有意外失败，又有灾厄是非。
2、性格：做事不重实际，有投机或发横财之心理，言辞动听，让人容易信任，如能真心待人处事，才有成就之日，一生只能靠孤军奋斗，成功有限，也有成败一瞬间之灵意。
3、意志：意志不够坚定，思想、事业多变化但有耐心，能够忍受失败的打击。
4、事业：如从事较稳定的生意，可得平安，若好高骛远从事投机或不正派之事业，会陷入失败的命运。
5、家庭：夫妻感情不睦，家内多遇风波，子女反感，太太与长上不和之兆。
6、婚姻：男娶固执不明理之妻，婚后不能美满；女嫁有才干之夫，婚后有不平不满之感。
7、子女：子女个性较固执，身体壮况亦稍差，长大恐难依靠。
8、社交：人缘虽不错，但社交不得要领，意志不够坚定，虽知有错也难改过来，有愈陷愈深之虑。
9、精神：对外虽乐观，内心实空虚，应注重精神修养为要。
10、财运：财运不佳，只有克勤克俭忍耐行事，才能永保无忧，否则只有徒增痛苦。
11、健康：易患消化器、肾脏病等；女性月经不顺，有子宫病等。
12、老运：晚景孤独不安，劳劳碌碌终无所得，郁闷不乐。"
火金木,40,371,482,凶,命运被压抑，不易成功，易招失败。,命运完全被抑压，基础运亦劣，常常劳而无功，极困难伸展其成就，若不谨慎，则致颠覆，易招失意及失配偶，或遭遇残废之祸患，甚至发狂杀人或变死，乃短寿又凶死之兆矣。,"1、总论：不但工作及事业上无法顺利成功，且内外不和，心情苦闷，生活不能安定，易招失意，失败、家庭失和等情事，应谨慎为人处事，若天运五行属土，一生尚能小成功。
2、性格：虽有坚忍的个性，不怕失败或打击，性急而口齿灵利，容易得罪人而引起反感，应注意成长时期流于问题少年，卷入朋友是非或法律纠纷，人生的考验较多。
3、意志：意志不够坚定，思想变化万千，但尚能忍受艰苦与突来的打击，痛苦度一生。
4、事业：所谋所做之事表面平稳，其实内面隐藏著随时发生的祸害，应选择人事问题单纯的小本生意。
5、家庭：家内难和睦，应多忍让免造成婚姻危机，子女亦容易反感，早为独立打算。
6、婚姻：男娶懦弱固执之妻，婚后感情难和睦；女嫁好胜好强之夫，婚后常有争吵。
7、子女：女孩多于男孩，聪明但有反叛性质。
8、社交：个性顽强固执，争勇好斗，有钱时喜欢装大方，朋友之间无长久之情感。
9、精神：事事不能如意，精神难得安宁，心情常在苦闷不安中。
10、财运：财运不佳，应多节俭，注重精神修养，求得稳定收入即可保持平衡。
11、健康：易患头痛、神经衰弱、呼吸系统、外伤、杀伤等。
12、老运：晚景孤独，劳碌不息，晚境难安宁。"
火金火,40,373,484,凶,命运被压抑而难以伸张，基础不稳。,命运完全被压制而不能伸展，基础不稳，伤脑伤肺，绝对的不安定，亦不能成功，晚年更凶，易遭火灾，甚至发狂或遭遇残废，变死之厄难，必定短寿凶死之兆矣。平生：贪色、好胜、争斗杀伐而惹祸，致陷遭牢狱者也不少。,"1、总论：早年费尽心力而无所成，遭受很多意外的灾害与打击，幸能逃过灾难，中年后事业有成，名利可得，切勿好高骛远企图从事超过自己能力、财力的事业而劳命伤财。
2、性格：性格独立而早熟，在创业过程中碰到任何挫折都能忍受，主观意识较重，大都不甘屈于人下，应注意成长期勿流于问题少年之途，而影响前程。
3、意志：意志不够坚定，常有与身份不相应之企图，但耐性尚佳思想高远，可得一时的成功。
4、事业：早年辛勤劳苦而收获少，有志难伸之象，六亲又无助，靠孤军奋斗，中年后有成功机会。
5、家庭：六亲缘薄，夫妻欠圆满，子女难靠，家庭有不安之兆。
6、婚姻：男女皆得好胜顽固之配偶，婚后常有争执，应多忍让，免造成婚姻危机。
7、子女：子女皆聪明活泼，稍嫌过于顽皮，常给父母惹麻烦，长大后独立心重。
8、社交：外缘及人际关系尚可，天性喜助他人，但内心孤高苦闷，容易被卷入朋友的是非中，而遭受损失。
9、精神：对外乐观，内心空虚，心情欠开朗，为家庭及事业劳苦不安。
10、财运：早年困苦，中年财利可得，但有因判断错误而失败之灵意，应谨慎注意。
11、健康：易患脑症，呼吸系统、神经衰弱、筋骨酸痛、精神分裂、外伤等。
12、老运：晚景物质不缺，但精神仍不安宁，缺乏天伦之乐。"
火金土,40,375,486,凶,命运被压抑而难以伸张，常有烦恼和困难，心身过劳。,境遇虽安定，受一时之福荫而获得安定之生活，但成功运因被压制，不能有所伸张，常有烦恼与困难，身心过劳，易生脑疾、肺疾或遭难之虑，晚年不佳之兆。,"1、总论：做事欠考虑，所做所为不检讨，有聪明反被聪明误之情事，如有一时成功感到满足切莫企图从事超过自己能力、财力的工作，以免失败后悔莫及，天运五行属土，一生成功机会较多。
2、性格：个性比较主观又好胜好强，不服输的心理很强，不容许别人做错，总以为自己能力很高，对父母难有孝心，但表现却相反，应多检讨行为，注重精神修养，才有成功之希望。
3、意志：意志尚称坚定，却有一意孤行之倾向，但耐性不佳，处事容易冲动，喜欢横发或投机行业。
4、事业：应从事人事关系较单纯的工作或事业，不可理想太高而好高骛远，否则会让您失望的。
5、家庭：家内不安，有为妻子之事而闹到父母、兄弟不和之灵意，女性有婚姻危机。
6、婚姻：男娶贤淑但任性之妻，婚后多是非；女嫁好胜好强之夫，婚后难圆满，常有争吵之象。
7、子女：子女谦恭有责任感，长大可成功立业，也能孝顺父母。
8、社交：个性较固执，很难妥协，得理不饶人，容易造成社交上的缺点。
9、精神：表面坚强，内心不安烦闷，应加强精神修养，凡事多忍让。
10、财运：财运不佳，应求稳定性收入才是上策，好高骛远只会增加您的困扰，别无所得。
11、健康：易患上半身之病症，如脑症、头痛、呼吸系统等。
12、老运：如顽性不改，晚景仍难安宁。"
火金金,40,377,488,凶,成功运被压抑，难以有所伸张，易生不平不满，或陷于孤独。,过分坚决鲁顽刚强，以致遭受批难、不和，陷于孤独，易生不平、不和，不满、怨叹等。成功运被抑压，且易变为遭难以及失子、孤独、不遇等。容易因不测之突变而短寿丧生之兆。,"1、总论：虽有坚韧的个性，但受到无限命运的折磨，不必怨恨命运的安排，也只有将希望寄于未来，并注重精神修养，充实人生，注意意外灾厄，慎防为他人而卷入是非纷争中。
2、性格：在社会上为人处事，这种个性是不适合的，否则您就是吃再大的亏，也只有诉之神明，动怒也无法解决事情，您的优点只有勤俭而默默耕耘。
3、意志：意志尚称坚定，有相当忍耐性，处事容易变化，受到外来的因素，而身不由已。
4、事业：一心一意想闯一番事业，无奈命运多受挫折，凶多吉少，如果注重精神修养会好过些。
5、家庭：为家庭劳累，难得安宁，夫妻又多争执，子女亦难靠。
6、婚姻：男娶好胜好强之妻，婚后不圆满；女嫁主观固执之夫，婚后意见不和。
7、子女：子女运不佳，个性顽固，长大恐难依靠，早为独立生活打算。
8、社交：为人固执，只顾自己的工作或理想，不能与人融洽，终致内外不和，社交不广。
9、精神：非常苦闷，有苦难言，应多找寻精神寄托，培养乐观人生。
10、财运：财运不佳，奉劝您从事薪水生活，或资金较少的小买卖，免为财务困难而伤神。
11、健康：易患头痛、脑疾、呼系统等症。
12、老运：老境稍可安静，但财运仍不佳，应安贫乐道行善，寻示心灵上的寄托。"
火金水,40,379,480,凶,命运被压抑而难以伸张，有机不遇，磨难多。,非但不能成功，且有急变没落之兆，陷于怀才不遇，破乱凶祸极多，平生意志不能有所伸张，成功运也完全被压制，容易因被人连累而遭难，突生不测凶变而丧生，死于少人知之处。,"1、总论：如逆水行舟费尽心力一事难成，虽然一心想过平静的生活，努力又有耐心，最后还是无法挽回自己命运的安排，自苦自愁，有受亲友拖累的现象，慎防意外之灾厄。
2、性格：常有不平不满，诉诸于人，也无补于事，难有聪明的头脑，也无法抗拒命运的安排，待人处事好坏应辨别清楚，以免受累难堪，应持盈保泰，方为上策。
3、意志：意志坚定，注重实际与工作，耐性亦佳，能忍受艰苦，不断奋斗，但劳多而功少。
4、事业：不要嫌钱少，如有固定收入应该满足，不可好高骛远，并注意金钱来往，以免受累失败。
5、家庭：父母无靠，夫妻欠和，家庭不温暖，应多忍让，注重精神生活为要。
6、婚姻：男娶能干之妻，婚后家内不太美满；女嫁卤莽顽刚之夫，婚后难和睦，感情不稳定。
7、子女：子女个性较孤独，身体状况较差。
8、社交：做人做事不马虎，认真行事能受人信任，个性较敏感且多疑为其缺点，社交能力佳。
9、精神：表面乐观，内心不安，精神多劳，为家庭事业而烦闷难安。
10、财运：一生操劳，财运仍不佳，应注重精神修养，免得劳民伤财。
11、健康：易得肺部、头部、脑溢血、外伤、意外灾难等。
12、老运：晚景孤独，身体不安，应安贫乐道，寻求精神上的寄托。"
火水木,40,391,302,凶,命运被压抑，难以伸张，易生离乱困苦。不过，偶尔有异常成功者。,虽有一时的成功，但因成功运被压制，而不能有所伸张，且大多易生困苦、乱杂、穷困，且有招致急祸或遭难之虑，含有急变不祥之兆。,"1、总论：配置虽不好，但凭才华及理智，不断的求上进，不必怕失败，最后必能成功，只怕中途心灰意冷或遭不测之灾，如能早做预防及意志更坚定，一定有很好的发展。
2、性格：难有天赋才华，但计划往往会超前而脱离现实，因此生活常在不安定中（人格29、39数者较好些），且个性较任性，主观意识也强烈，只顾追求理想，不注重物质享受。
3、意志：意志坚定，为自己理想而不断的奋斗，主观意识也强烈，只顾追求理想，不注重物质享受。
4、事业：在操劳中创业，虽然碰到许多挫折，只要您坚忍不拔，一定可创造一番很好的事业，。
5、家庭：与父母意见不和，夫妻感情大致圆满，女性者夫妻多争执。
6、婚姻：男娶贤慧之妻，婚后还算和睦，合力创业；女嫁懦弱寡和之夫，婚后喜掌权，且多争执。
7、子女：子女个性活泼可爱，不要太过溺爱，以免宠坏了他们。
8、社交：人缘不错，但过于任性，容易引起别人误会，若待人圆滑点，兄弟朋友会更和睦。
9、精神：事事不太如意，精神多苦闷，中年后转入佳境。
10、财运：财运很好，但是在接受种种困难及考验之后才能得到。
11、健康：易患头痛、脑疾、胃肠、精神过劳等症，应注意意外之灾祸。
12、老运：晚景有财运，但精神不安，且有病灾之虞。"
火水火,30,393,404,凶,绝对凶数配置，易生急变之灾。,三才皆破，乱杂困穷，容易在室外或途中而遭难，有急祸，无形之心病甚重，容易为感情或爱情事而遭难，大灾、大祸频袭，如风中残烛，随时可灭之兆，绝对的不安全，不但身体越虚弱，且会发生不测之突变，而丧生或发狂或自杀，乃短寿之兆。,"1、总论：这种命运的安排，对您是苛刻无情的，所谋所做之事都在五里雾中，很难克服，如有小财利，应速安排人事关系较单纯的行业，平凡度过一生。慎防意外灾厄。
2、性格：凡事粗心大意又任性，很难接受他人的意见，善于舌战及辩论，绝不认输，喜出风头，容易遭到反感，与人冲突或者有法律纠纷，宜多忍让，得人和可免惹火烧身。
3、意志：意志不够坚定，思想往往脱离现实，但耐性尚佳，可以忍受失败的打击，小成功有望。
4、事业：要冲破这么多难关而立业，实在不容易，只怕中途精神过劳失去信心而失败，宜守求安。
5、家庭：孤独不安难和睦，夫妻难白头偕老，子女亦难依靠，慎防为酒色而引起婚姻危机。
6、婚姻：男娶懦弱固执之妻，婚后常有争吵；女嫁无主见之夫，婚后不圆满，婚后不安份。
7、子女：子女较固执，独立心很强，早为独立生活打算。
8、社交：外表还算人缘好，因重面子又好强，容易得罪人，慎防纠纷冲突之情事发生。
9、精神：事事难如愿，精神苦闷不安，缺乏天伦之乐，。
10、财运：纵有财运也难持久，应节制开支未雨绸缪，免受贫困之苦，天运五行属土时，中年后财利可得。
11、健康：易患脑溢血、头痛、泌尿系统、心脏病等。慎防意外灾厄、急病。
12、老运：晚景孤独凄凉，精神操劳，应多注重精神修养，物质生活可免忧。"
火水土,40,395,406,凶,成功运被压抑，难以伸张，时常苦恼困惑。,三才皆破，即使表面安定，亦内藏不安，乱杂困苦烦闷，基础运崩败而成功运又被抑压，不能伸张，不但招致境遇没落，又有病弱短命及遭难变死之兆，为短寿之凶数配置。,"1、总论：中年以前必须经过许多困难，内心非常烦闷困苦，亲友无助，靠孤军奋斗、冲破万难才能成功，但中途精神过劳，急灾没落者也甚多，应慎加防范。天运属金者中年后可成功发展。
2、性格：为人处事较任性，缺乏服从心，精神生活常在不安定中，心情苦闷却满腹理想，惟恐脱离现实劳而无功。应着重实际多接受他人意见方为上策。
3、意志：意志不坚定，思想变化较大，耐性亦不佳，处事冲动，有时欠考虑，小不忍则乱大谋。
4、事业：中年以后才能发展，中年前应多充实自己，修身养性，不可自找苦吃。
5、家庭：夫妻不和，子女无靠，老运转佳，应多忍让免造成婚姻危机。
6、婚姻：男娶好胜好强之妻，婚后常争吵；女嫁懦弱寡和之夫，婚后不美满。
7、子女：子女虽聪明可爱，但独立心很强，有早年离家奋斗之灵意。
8、社交：人缘还算不错，但社交不太圆满，情绪变化无常，有投机及好高鹜远之企图。
9、精神：事事难以如愿，心情常苦闷不安。
10、财运：财源不稳，时有时无，老运才能转佳，赚钱常是误打误撞而得到。
11、健康：易患头疼、脑病、胃肠及泌尿系统疾病，甚防急灾急症。
12、老运：为名为利终日劳苦，老境会有财星照，但缺乏天伦之乐。"
火水金,40,397,408,凶,命运被压抑，难以伸张，易生离乱困苦，有招致急难不祥之虑。,能有一时之成功，但成功运被压制而不能伸张，时常不平、不满、乱杂苦闷烦难恼，灾祸繁多，以平安，须提防处事，否则会有突然之急祸凶变。,"1、总论：这种配置有许多困难等着您，如能以百折不挠的精神去克服它，仍可成功立业，只怕中途受困难而退缩或遇意外灾厄，而造成英雄无用武之地，感叹良多。
2、性格：为人任性缺乏服从心，喜爱表现自己才能，凭自己的理想而奋斗，平时守信慎行，有成人之美德，主观太强，应多改进，中年后可成功发展。
3、意志：意志尚称坚定，不被世俗迷惑，但耐性不佳，处事容易冲动，有时欠考虑。
4、事业：创业过程很艰苦，是白手起家类型，凡事不可操之过急，应脚踏实地，步步守身，以防万一。
5、家庭：夫妻大致圆满但有不安之兆，父母缘薄，女性则夫妻多争吵，对丈夫喜用支配口吻。
6、婚姻：男娶贤惠之妻，婚后能共同持家；女嫁懦弱寡和之夫，婚后不和睦。
7、子女：子女个性较顽强，容易和父母顶嘴，长大后成就还不错。
8、社交：做事坦白，快人快语，个性明朗，善于外交，人缘还不错，适合外交工作。
9、精神：表面乐观，内心多苦闷，精神常不安，应秉持盈保泰之法则，可减少悲伤。
10、财运：劳碌中得财，晚境更佳，天运五行属水者，财运才能守住。
11、健康：易患头疼、脑疾、神经衰弱等，慎防急厄之灾。
12、老运：晚境较安定，内心仍苦闷，财源可免忧。"
火水水,40,399,400,凶,难于成功，易陷于离乱痛苦，偶有异常成功者。,有一时之投机成功，但绝对不能伸张，终归乱杂困苦、孤独、有病难、凶变、急祸，危命之虑。,"1、总论：虽有创业及计划的能力，可能会成功一时，但因配置不佳容易发生意外失败，凡事不可自作聪明好胜好强，应脚踏实地，注重精神修养及人际和平，免受害受累，防意外灾厄。
2、性格：您有天赋的才华，因此自尊心太高，有好胜好强的个性，凡事不认输，有做大事业的魄力，但运气未来之前，就是再大的能耐，也只有徒增痛苦与打击，，应识时务为要。
3、意志：意志尚称坚定，且能忍受失败的打击，只顾追求理想，常叹命运不公平。
4、事业：中年前兢兢业业很难稳定，应多注重精神修养及充实自己，中年后才能成功立业。
5、家庭：六亲难靠，家庭不和睦，子女也多计较，女命有婚姻危机。男命若为长子，父母恐缺其一。
6、婚姻：男娶顽固寡和之妻，婚后多争吵；女嫁懦弱寡和之夫，婚后难圆满。
7、子女：女孩多于男孩，性格比较孤独，身体状况亦稍差。
8、社交：好胜好强，快人快语，容易得罪人，遭到别人反感与打击。
9、精神：外表若无其事，其实内心苦闷不安，将精神寄托于事业未来的发展，可增进信心。
10、财运：财运不稳定，时富时贫，天运五行属木时，中、晚年财源广进。
11、健康：易患头痛、脑疾、风湿、关节炎、妇人病等。防意外急症。
12、老运：一生劳碌，晚景转佳境，但精神仍不安，物质生活丰裕。"
土木木,65,511,622,平,看似运气良好，但却苦闷繁多，有迟达目的之倾向。,基础安泰，得贵人助力，而在困难之中得平安发展，但成功运之配置不良，难于伸张，故然只是外强中干而已，虽苦闷烦恼殊多，但大体可得平安，衣食充足，幸福有寿，人地两格，无凶数，则身体健康，疾病少有，有病吃药即可速愈。,"1、总论：有很好的计划性及忍耐性，不屈不挠的精神想达到目的，但因固执且自疑心较重，影响发展，有迟迟达到理想之灵意。凡事不必操之过急，以缓进式方可成事，天运属火时，中年后可一展抱负，名利可得。
2、性格：努力中带固执，是外柔内刚的个性，一向好面子不认输且自律甚严，缺乏服从心，容易陷入一意孤行，创业过程碰到困难很多。
3、意志：意志坚定，注重实际与工作，耐性亦佳，能忍受艰苦，可自创一番事业。
4、事业：这是一种发展较迟的配置，所以不必操之过急，应选定较稳定性的行业，不宜投机取巧。
5、家庭：父母缘薄，如为长子恐早缺其一，是早年劳苦之命，靠自力奋斗而成功的类型。
6、婚姻：男娶克勤克俭之妻，婚后大致圆满；女嫁懦弱寡和之夫，婚后喜掌理家中一切事务。
7、子女：女孩多于男孩，都有相当责任感，长大后发展性很高。
8、社交：比较严肃感，不愿与人妥协，自疑及多疑心较重，虽受尊重，但社交不太圆满。
9、精神：表面若无其事，内心不安又苦闷。
10、财运：苦闷中得财，没意外财利，应早做储蓄，老景自无忧。
11、健康：易患胃肠、肝脏、神经痛、偏头痛等。
12、老运：一生操劳、克服人生难关，晚景稍佳，但精神仍不安。"
土木火,70,513,624,平,成功运气似佳，但却苦闷繁多。惟其数理极佳，故可得发展，改善境遇，获得平安。,勤勉做事，无厄安泰，终获成功之吉兆无疑，虽然成功较迟些，但平安发展，改善境遇，家门兴隆，但过程中亦有不少困苦烦恼。如果人、地两格无凶数，则无病，若有病吃药可速愈。,"1、总论：以您勤勉努力的精神，兢兢业业，定能得到好结果，您仁慈的心胸时会受到亲友的拖累，增加心情的烦闷，应谨慎预防，中年前很难发展，若天运五行属土，中年后名利可得。
2、性格：个性较保守，谦虚忧闷不虚假，有时牺牲自我帮助别人，反而惹一些是非，少管闲事为妙，免得吃力又不讨好，不但有创业天才，也都注重实际与工作。
3、意志：意志坚定，不断在追求自己的理想，耐性亦佳，思想正确，可一展抱负。
4、事业：适合稳定的行业或薪水阶级，不宜太大规模的事业或人际关系太复杂的行业。
5、家庭：性情稍有固执，家内尚能和谐，子女也能孝顺，女命者夫妻多争执，。
6、婚姻：男娶贤淑之妻，婚后尚称圆满，但须多忍让；女嫁懦弱寡和之夫，婚后喜掌理家中的事务。
7、子女：子女个个活泼又顽皮，长大后很有成就，也能孝顺父母。
8、社交：为人谦恭有礼，诚恳待人，只顾工作而不善于交际，但给人印象还不错。
9、精神：虽有不平不满也不露于表情，内心常有苦闷，心情常有不安之感。
10、财运：平日勤俭持家，如不为人作保拖累，定有积蓄可得，最高可达中富。
11、健康：易患神经衰弱、胃肠病或开刀等。
12、老运：一生劳碌，收获不多，心情郁闷不乐。晚景运势比中年衰退。"
土木土,40,515,626,凶,成功运气不佳，常有苦闷烦恼，有迟迟达不到目的的缺点。境遇虽可安定，但易患精神衰弱之虑。,基础坚固安定，但有怀才不遇之叹，若转换角度而活用智慧，可得一时之成功，但因成功运配置不良，故亦难伸展，有成功较迟及希望迟达之兆，交通上提防土、石、器械殒落之伤。,"1、总论：您虽努力向上想创一番事业，但因主观力太强往往我行我素，以致事倍功半，如能多观察参考他人意见，才是成功的捷径，凡事不可操之过急，否则您会碰到许多困难。
2、性格：任何事情主见太强，对自己满怀信心，容易陷入一意孤行，生活方面较严肃，不注重物质生活，重视实际工作，慎防精神过劳，一生自力奋发，有亲友难助之象。
3、意志：意志不够坚定，计划欠周详，耐性亦不佳，处事容易冲动，有时欠考虑。
4、事业：有眼高手低之感慨，理想太高不易达成，就按部就班不要好高骛远，从事技艺方面最佳。
5、家庭：大致圆满，子女早做独立打算，女命者夫妻不和睦，常有争吵现象。
6、婚姻：男娶平凡无决断之妻，婚后尚称圆满；女嫁固执寡和之夫，婚后感情难和谐。
7、子女：女孩较多，虽有责任感但早做好独立打算。男孩较为无缘。
8、社交：人缘虽好，但不善于交际，社交发展有限，帮助者少浪费者多。
9、精神：事事虽达心愿，心情常在不安定中，且为家庭劳碌不息。
10、财运：有小财运，但不可无力强拖，以免造成赤字。天运五行属水时，一生发展较稳健。
11、健康：易患神经衰弱、头痛、泌尿系统、胃肠等疾病。
12、老运：晚景较佳，但并非良运，精神苦闷，属于劳苦中得财。"
土木金,40,517,628,凶,少有成功的可能，且常受迫害，变动不安。,三才皆破，境遇多变，常有移动，苦心徒劳，部下反逆，遭受迫害，不能平安，凶运频来，不知所止，少有成功之希望，有被武器杀伤或被器械外伤而短寿丧生之兆。,"1、总论：一行命运变化无穷，很难有稳定生活，幸亏能忍耐努力，往外发展，离开家乡会有成功的机会，应注意不可误入歧途。慎防外伤或杀伤之情事。
2、性格：虽有才华与毅力，惟恐遭到困难而心灰意冷，影响未来成就，以又缺乏服从心，如从事人际关系单纯的事业，比较容易成功，早运较为劳苦，中年后可逐渐发展。
3、意志：意志不够坚定，努力中带有固执之性，处事容易冲动，有时欠考虑，会小题大作破坏美好的气氛。
4、事业：如靠劳力得财的生意或薪水阶级较为适合，千万不可从事投机性的行业，以免劳命伤财。
5、家庭：家境不安，常有争吵之情事，子女亦不听管教。
6、婚姻：男娶好胜之妻，婚后不甚圆满；女嫁温良固执之夫，婚后不和睦。
7、子女：子女个性顽强，会与父母顶嘴，长大后成就还不错，其中恐有身体较差之人。
8、社交：性格较直率，交际能力平凡，对长上或上司有不服心，造成情绪上的不稳定。
9、精神：精神疲劳，内心苦闷，事事难如愿，为家庭劳苦不安。
10、财运：劳苦之财可得，应多节俭为要。天运五行属水时，可达小康至中富程度。
11、健康：易患神经衰弱、胃肠、肝脏、筋骨酸痛等。
12、老运：老境稍转佳境，但精神仍不安定，无法得到天伦之乐，仍处于辛勤度日中。"
土木水,40,519,620,凶,少有成功的希望，有苦闷烦恼，易流转破乱。,虽有一时之成功顺利，但外见吉祥，内实不然，难于伸张发展，有许多苦恼，且易流转破乱，或因凶变而破产或遭难之虑。,"1、总论：凭藉着志气和努力，应该可以成就，但因青少年运不佳，必须经过许多的困苦和考验之后才有成功的机会，防意外灾厄或损失。
2、性格：有计划和领导的才华，喜欢帮助他人，而为人多劳，创业过程容易碰到困难，但会受到晚辈朋友的支持帮忙而得到成功。
3、意志：意志坚定，注重实际与工作，且思想正确，可以一展抱负，创出一番属于自己的事业。
4、事业：如为薪水阶级或从事较稳定性收入的行业最适合，投机性生意恐怕会劳命伤财。
5、家庭：为家庭多劳苦，家内亦不甚美满。女命者家庭不和睦。
6、婚姻：男娶庸碌寡和之妻，婚后气氛不融洽。女嫁懦弱固执之夫，婚后喜掌理家中事务。
7、子女：孩子较多，个性比较孤独，身体状况亦稍差，与父母感情不很融洽。
8、社交：为人正直喜欢助人，给人好印象，可向外发展，必能在社会上有所作为。
9、精神：表面虽乐观，内心多苦闷，知足就可减忧，理想太高则陷入不平不满，精神过劳。
10、财运：财运尚佳，但要注意意外拖累或损失，天运五行属水时，中年后陷入失败的命运。
11、健康：易患肝胆、胃肠、神经衰弱等症。
12、老运：老景步入佳境，但内心却孤独不安，物质生活尚称如意。"
土火木,90,531,642,吉,希望能平稳达成，易成功发展，基础稳固，心身平安，可得幸福长寿的配置。,三才甚佳胜，境遇安固，能得下属之助力，易成功发展，地位及财产安全，事事如意，名成利就，幸福长寿之兆。,"1、总论：为人聪明急智又活泼，具有领导才能，是很好的企业人才，或担任主管工作都很适合，只要不太性急，事事都可顺利成功发展。天运五行属水，一生难发展，晚景较佳。
2、性格：心情乐观而豪爽，喜欢积极交往，培养人际关系，不耐独处生活，性急为其缺点。如为女子则具有才华和魅力，颇有男子之风，温柔大方，喜好打扮。
3、意志：意志坚定，乐观奋斗，且思想正确，可以一展抱负，名利双收之发展吉运。
4、事业：只要不操之过急，事业会有很大的发展，且遇困难时也有贵人相助。
5、家庭：家庭生活甜蜜和谐，子女亦孝顺，是幸福的家庭。
6、婚姻：男娶贤淑大方之妻，婚后家庭美满；女嫁温厚才干之夫，婚后相敬如宾。
7、子女：女孩较多，都很聪明又孝顺，甚得父母欢心，长大后在社会上必能有所发展。
8、社交：人缘社交都很好，善于解决别人困难，受人敬爱，唯性急，容易引起误会，有桃花运。
9、精神：事事皆如意，精神很愉快，身心健康。
10、财运：财运佳，应多做些社会公益的工作，积阴德可荫旺子孙。
11、健康：大致健康安详，防血压过高及脑疾、头痛等症。
12、老运：晚景老当益壮，事事如意，安然无忧。"
土火火,60,533,644,平,虽容易成功达到目的，但缺乏耐久力，基础薄，易招致失败。,一鼓作气，勇猛奋斗，运势浩盛，容易成功达到目的，功名成就，若原命喜火之人，妙能以此之名更加两倍以上之辉煌成就，然若凶数则欠人助，以自力奋斗，也易招孤苦失意，令人可惜。,"1、总论：待人热心又积极，性急缺乏持久的恒心，为人诚实直率，乐于解决别人的困难，容易忘记别人的过错。女子具有才华和魅力，能适应各种工作场合。
2、性格：虽有良好的配置，但做事冲动而积极，成功失败常在一瞬间，凡事多加思考计划，培养耐力，可立于不败之地。天运五行属火时，晚年陷入失败多灾之命运。
3、意志：意志坚定，不被世俗所迷惑，思想亦相当正确，能克服困难得到成功。
4、事业：是白手成家的人才，凡事不必太勉强，顺其自然发展，不定可创出一番事业。
5、家庭：恐有为应酬多或桃花运之事，夫妻发生意见冲突，自己应有所节制。
6、婚姻：男娶贤淑之妻，婚后感情多少有些不美满；女嫁忠厚才华之夫，婚后感情和睦。
7、子女：女孩聪明活泼但顽皮，长大后在社会上可发展成功，或接管家业。
8、社交：您的人缘及社交都很成功，运用礼貌待人接物得良评，能得到很好的赞誉与支持。
9、精神：表面乐观愉快，但内心急躁，有人为因素造成的不安。
10、财运：只要辛勤奋斗，财运会很好。
11、健康：大致长寿，宜提防高血压、脑溢血、心脏病等。
12、老运：晚景虽然有财运，但内心不安定，精神多烦闷。"
土火土,98,535,646,吉,极易达到目的，成功发展，飞黄腾达，基础稳固安泰，心身健康可得幸福长寿。,三才配置至为优胜，基础坚实，希望如意，求谋容易达成目的，功名成就，成功后之发展如飞黄腾达，得上位之人所器，受下属所拥护，大幸福之长寿兆。,"1、总论：您是个创业的人才，虽无法受到亲友方面太多的帮助，也可以白手起家，凭您的积极与努力，能在社会上成功发展。天运五行属火时，中年后有失败，老运尚难安。
2、性格：待人虽热心积极，但有时欠考虑而容易得罪人，应发挥以礼待人的本性，保持乐观的心情，自可得人之敬爱，得到部属的支持而达功成名就。
3、意志：意志坚定，且有创业的毅力，但耐心不足，处事冲动，有计划欠周之象。
4、事业：创业中途难免苦劳，只要有耐心和毅力，一定能创造出一番事业，中年后更加发展。
5、家庭：夫妻大致圆满，有时过于急躁而有争吵之兆。
6、婚姻：男娶贤淑之妻，婚后多少有点不满；女嫁温厚才干之夫，婚后感情大致和睦。
7、子女：子女个性谦恭而有责任感，长大后能在社会上成功，孝顺父母。
8、社交：虽有很好的人缘及社交能力，但因个性急躁而短虑，有时容易得罪人，应改进。
9、精神：为事业多操劳，但精神仍算安定愉快。
10、财运：财运不错，中年前劳苦，中年后名利可得。
11、健康：注意高血压、心脏衰弱。
12、老运：晚景财运虽好，但家内有变化不安之兆。天运属土时，也有失败之虞。"
土火金,70,537,648,平,成功运虽佳，希望的目的易达到，但易身心过劳，或基础不稳。,成功运佳，希望目的及财富名誉均可达成，唯因基础运劣，而招致家庭内之苦恼或不幸，且身心过劳，可能导致生病，其下属多争妒，使用此之人会因下属而苦不堪言。,"1、总论：虽有成功运的配置，但因亲友无助靠孤军奋斗，又家庭不和，导致身心过劳及财务问题而招来灾厄或失败。一生命运过程变化很大。
2、性格：做事勤勉又积极，做人性急又刚直，凡事欠周详考虑，容易误事，做人欠要领，有受拖累吃亏之灵意。应注意桃色之灾。
3、意志：意志不够坚定，计划欠周详，耐性亦不佳，处事容易冲动，经常欠考虑，应改进。
4、事业：有不稳定的感应，一成一败波折多，应求稳定才是良策，不要从事投机或超过能力之行业。
5、家庭：家境常有困扰，夫妻感情难和睦，注意婚姻危机，女命者较轻微。
6、婚姻：男娶好胜寡和之妻，婚后常争吵；女嫁固执坚持之夫，婚后美满。
7、子女：子女个性较顽固，其中有身体较差之人。注意少年时期流于问题少年。
8、社交：待人虽热心，但时常有吃力不讨好的现象，甚而引起麻烦受累之事。
9、精神：事事难如愿，家内又不安，心情多苦闷。
10、财运：财运不稳，时有时无，应慎防受累倒帐。
11、健康：易患精神过劳、皮肤病、脚伤、妇人病、难产等。
12、老运：老景孤独，精神苦闷不安，但境遇尚称安定，难有天伦之乐。"
土火水,40,539,640,凶,虽可获一时成功，但因基础不稳而易发生突变。,虽可获得一时之成功，但因基础运太劣，尤其水火相克最为激烈而早应，故容易意外的在外遭难或发生突发之不测灾变，而受害丧失财产或生命，乃绝对不安定之短寿兆。,"1、总论：青少年时期家庭很不安定，又有急病或急厄之配置，如能逢凶化吉逃过灾害，中年后事业会有成就，财利可得，应多忍耐渡过难关，若天运属木，一生成功较稳，大运属水时，一生变化很大，成败常在一瞬间。
2、性格：对外乐观，内则空虚，多劳又多争，感情薄弱而不坚定，做事反覆不定，意志容易动摇，容易接近异性，女子易被引诱，应注意。
3、意志：意志不够坚定，做事有虎头蛇尾之象，有误打误撞而成功者。
4、事业：中年前事业多变又劳苦，因基础不稳，做事要三思，多计划，小心投机生意。
5、家庭：不甚和谐，有争论不和之兆，应多忍让免造成婚姻危机。女命者夫妻较为和睦。
6、婚姻：男娶好胜顽固之妻，婚后常争吵；女嫁好丈夫，婚后感情大致圆满。
7、子女：子女恐有身弱或意外之灾病，长大后独立心很强。
8、社交：比较好出风头，又有桃花运的倾向，人缘社交均可以，注意被拖累或色情麻烦。
9、精神：表面乐观，内心多苦劳，应注重精神修养。
10、财运：财运虽好但不稳，防意外拖累或损财。
11、健康：易患心脏病、泌尿系统、妇人病。防意外之灾或急病。
12、老运：晚景财源不缺，但缺天伦之乐，心情烦闷。"
土土木,60,551,662,凶,虽获得成功发展，但因基础不稳而易生变化转移。,成功较迟，但必可成功发展，不过因其基础不稳，而容易变化或移动，或多成多败或有胃肠病之虑，幸而福泽较大，而足以化凶为呈祥。,"1、总论：事事难如愿，六亲又无助，有不平不满之怨叹，适于平凡的生意及平淡的生活，又有被人拖累受损之灵意，应慎防。天运五行属火时，运势平凡，可达小康程度。
2、性格：为人正直坦白，比较好面子，举止谦和有礼，严守社会秩序与公共道德，有手高眼低的倾向，容易放弃好机会而无法把握住，属于比较保守的个性。
3、意志：意志不够坚定，决断力也比较弱，做事较为好奇，思想容易变化。
4、事业：如为薪水阶级或从事稳定性小生意较适合，投机事业或发横财与您无缘，很难成大事。
5、家庭：不太和睦，有争吵之兆，子女难靠。女命者家庭较安定。
6、婚姻：男娶好胜固执之妻，婚后不甚圆满；女嫁有才干之夫，婚后大致圆满。
7、子女：子女虽聪明活泼，但与父母意见不和，任性又顽固。
8、社交：外表忠厚老实，易得他人之信任，有助人、成人之美德，但容易受人拖累，帮助者少。
9、精神：外表若无其事，内心操劳不安。常有不平不满之事。
10、财运：纵有财源亦不多，应多节俭才是良策。并须注意作保及借贷方面的拖累。
11、健康：易患精神衰弱、胃肠病、泌尿系统、妇人病等。
12、老运：平生劳碌，收获不多，内心孤独不安。天运属火时老运境遇佳。"
土土火,98,553,664,吉,可获得意外成功发展，有名利双收的运气，基础稳固，平静安康，免于种种灾祸，可得幸福长寿。,基础稳固安泰，且能逃过灾害，免于祸患，而又可排除万难及得享名利双收之隆昌运，并获意外的成功发展，乃幸福长寿之吉名。,"1、总论：为人处事都能顺利成功，即使碰到困难，也能得到亲友之助，名利双收之运，可获意外的成功发展。但大运五行都不同，应防被克的大运期，避免陷入急变失败之命运。
2、性格：性情温和又正直，注重生活情调的培养，行事循规蹈矩很有原则，待部属宽厚大方，容易受人敬仰，在社会上施展自己的抱负。有桃花运的倾向。
3、意志：意志坚定，思想正确稳定，耐性亦佳，处事冷静不慌不忙。
4、事业：有很好的福运，任何事情都可排除万难而名利双收，一生享福禄，要注意大运的变化。
5、家庭：一家老幼和睦，相处融洽，子女孝顺。婚后须节制应酬之事，免发生夫妻争吵。
6、婚姻：男娶贤淑之妻，婚后一家圆满，夫妻共同创业；女嫁温厚之夫，婚后家庭和睦，甚得夫。
缘。
7、子女：子女个个健康活泼，长大后都能在社会上成功发展，又孝顺父母。
8、社交：人缘和社交都很好，平时为人忠厚博爱，能受人的尊敬和欢迎。
9、精神：事事畅通，心情愉快，生活安定无忧。
10、财运：运逢五福临门，财源广进，但大运五行各属不同，应注意被天运五行所克的大运期。
11、健康：大致良好，但要注意高血压、呼吸系统等症。
12、老运：晚景老当益壮，精神豪爽安然无忧，物质生活也丰裕。"
土土土,90,555,666,吉,生性硬滞，往往表现为阴郁，对人易亲热也易疏远，有离合无常的特点。此配置成功运佳，并得平安之境遇。,气运、财运皆坚固平安，大体平顺幸福，障碍少而且均能处理解决，成功运佳，虽成功较迟，但可达到希望目的，并可续渐伸张发展。如果人格、地格、外格：若是26或36数者，虽然雅量广大但多数不重视贞操，若果能够成为连珠格局更佳。,"1、总论：运势平凡，平安之配置，障碍较少但成功也较迟，又因不能机变活用，财运只能缓缓而来，如能积极奋斗，可加速成功发展，晚景有不安之兆。天运五行属木时一生劳苦不安。
2、性格：个性不太活泼，作事较迟钝，且缺乏通融性又不干脆，不耐吃苦烦重的工作，有眼高手低的倾向，容易放弃好机会，总格数29、39划时，辛勤中得财。
3、意志：意志坚定，但缺乏果断力，耐性不佳，处事有虎头蛇尾之象。
4、事业：如为薪水阶级或从事较稳定的生意适合，与投机事业或意外之财无缘。
5、家庭：生活平顺，家内和睦，大致幸福。人格二十五划时夫妻多争吵。
6、婚姻：男娶健康平和之妻，婚后和睦相处；女嫁温和固执之夫，婚后也能圆满。
7、子女：男孩多于女孩，个个健康活泼又有责任感，与父母能同心协力。
8、社交：社交能力和人缘平凡，为人老实而安份守法，做事较为消极，容易受骗破财或有失身兆。
9、精神：有知足而乐观的个性，但有因人为因素招惹麻烦、受骗而烦闷之事。
10、财运：财运不佳，只能平稳过日，物质享受较缺乏。
11、健康：易患泌尿系统、胃肠、妇人病等。
12、老运：诸事劳碌但功少，心境忧烦，不太得意，可靠贤孝子女。"
土土金,98,557,668,吉,一帆风顺成功发展，目的可以达到，境遇好而身心健康，可得长寿幸福。,境遇安泰，身心健全，希望目的达成，能逃过灾害而免祸患，安定成功，优秀伸张发展，一帆风顺之三才佳配。,"1、总论：这是一种不安、平凡的配置，表面是安定发展，但亦含有受人欺骗，而多散财之虞，易养成消极的习惯。天运五行属木时早年难成，属金时晚年失败或遭灾。
2、性格：为人难诚恳正直，对待晚辈也宽厚慈祥，有好充面子的倾向，但不耐吃苦烦重的工作，做事不够积极，容易放弃好机会。一生发展较缓慢。
3、意志：意志坚定，安守自己的岗位，但计划都欠周详，常会误事。
4、事业：不适于太吃苦劳力的工作，如从事稳定性收入的行业最适合，投机性或发横财较无缘。
5、家庭：一家老幼和睦相处，夫妻子女平安幸福。家庭责任很重，恋爱时追求异性较大方。
6、婚姻：男娶贤慧之妻，婚后生活圆满；女嫁温厚才华之夫，婚后家庭幸福。
7、子女：男孩多于女孩，个性较顽强，反抗心理较重。注意不可过份溺爱及误入问题少年。
8、社交：人缘不错，社交不得要领，与人相处时容易受人误会或拖累损财。
9、精神：中年前精神愉快，中年后内心苦闷。
10、财运：财运不佳，收获不多，应多节俭。
11、健康：易患肝胆机能、节骨酸痛症、胃肠病。
12、老运：诸事不太如意，心情郁闷不乐，物质生活不佳。"
土土水,65,559,660,凶,虽可成功于一时，但因基础不稳，易招致失败。,青年运多劳苦，于中年虽可成功于一时，但因基础运不稳，恐将再招致崩溃失败之命运，也有的变成破财或急变凶祸之危。,"1、总论：青少年运不佳，中年或许有一时的成功，可惜因顽强的个性或好充面子而遭受损失，最后有陷于失败的灵意。慎防意外灾厄，天运五行属土时有早亡之兆。
2、性格：表面温和，内在个性强又好出风头，讲话也不认输，做事欠考虑，容易惹火烧身或卷入朋友是非中，平白遭受损失，宜慎重。一生亲友少助，靠孤军奋斗。
3、意志：意志不坚定，思想及事业多变化，做事总是一意孤行，碰到的困难较多。
4、事业：这种配置对事业的重重考验很多，要求稳定绝非易事，忍耐可减忧。
5、家庭：配偶与长上不和睦，夫妻亦难圆满，有子女多累之兆，注意婚姻危机。
6、婚姻：男娶懦弱固执之妻，婚后生活不美满；女嫁固执寡和之夫，婚后多争吵。
7、子女：女孩多于男孩，个性较孤独，身体状况也稍差。
8、社交：人缘不错但社交不佳，常为强辩而得罪人，与人相处颇多不适应之感，容易卷入朋友是非。
9、精神：内外都不能如意，精神烦闷不安，应多保重身体为要。
10、财运：财运不佳，应未雨绸缪，多节俭为要，以免常为财务而困扰。
11、健康：易患胃肠、心肌病、泌尿系统等症。
12、老运：晚景无显著进展，有力不从心之兆，缺乏天伦之乐。"
土金木,70,571,682,凶,虽可得长辈之提拔而成功于一时，但因基础不稳，易遭意外。,劳心不绝，基础不稳，须防意外之遭难或惹祸端，外见安定，内实不然。虽可得长者或上位之提拔或惠泽，而成功发展于一时，但若不很小心，则恐怕是终有颠覆之虑。,"1、总论：有成功发展之运势，得祖荫或意外之助，但因性急、任性、好强，易受亲友之累或因事业失败而反覆不安，应特别小心。有外伤、灾病之兆。天运五行为火，中年前有意外之灾。
2、性格：为人主观好胜，竟争心特强，疑心也重，对妻子或晚辈不够友善，好吹虚言，天性喜助他人，容易被卷入朋友是非中，但有误打误撞而得到事业财产之兆。
3、意志：意志不坚定，有与身份不相应之企图，但有耐性，有忍受坚苦，突破困难之魄力。
4、事业：青年时运途不安，多劳苦之象。中年可成功一时，注意晚境再陷入困难，慎防免受灾。
5、家庭：父母虽有荫，但夫妻、子女都不能和睦。
6、婚姻：男娶操劳固执之妻，婚后妻子多怨言；女嫁温厚固执之夫，婚后大致圆满。
7、子女：子女虽聪明能干但独立心强，长大后与父母意见不和。
8、社交：人缘社交均不错，对外乐观，内有空虚之感，有言过其实之倾向，常在不知不觉中刺伤他人。
9、精神：外表乐观，其实内心不安定，有后顾之忧。
10、财运：六运五行变化大，一生之中时富时贫不太稳定，应慎重行事，以保财运，。
11、健康：易患神经衰弱、泌尿系统、脚伤、妇科病等。
12、老运：晚景虽有财运，但缺乏天伦之乐，有孤独之兆。"
土金火,65,573,684,凶,虽有先辈栽培可获成功，惟境遇不安定。,虽有长辈或上司之惠泽栽培，而可获得成功发展于一时，但因基础运甚劣，须提防火灾，且其境遇绝对不安定，尤其交通上，容易遭难。家庭也多破乱之凶象，而且极容易因得罪人而遭受武器杀伤之危。,"1、总论：理想太高，虽有忍耐性不怕失败，但总敌不过命运的安排，如中途而自暴自弃者，有陷入失败，财务困难、外伤、灾病之恶意。
2、性格：主观又好胜，竟争心也强，不能容许别人超过自己，这种个性虽容易突破困难而成功，但失败亦快，注意成长时期流于问题少年。
3、意志：意志不够坚定，思想易变，事事虽安定，但耐性尚佳，能忍耐艰苦。
4、事业：您虽有创业精神，但难关重重，又理想太高，恐难如愿，有误打误撞而成功者。
5、家庭：父母少荫，夫妻无法和睦，子女反抗心也甚强。
6、婚姻：男娶好胜好强之妻，婚后时有争吵；女嫁温厚固执之夫，婚后尚称圆满。
7、子女：子女皆活泼而顽固，增加不少麻烦，长大虽有成就，但独立心很强。
8、社交：外缘虽佳，但人际关系欠圆满，容易与人发生吵嘴或斗殴之事而受伤，慎防卷入财务或法律纠纷。
9、精神：内外难和睦，内心常在苦闷中，精神生活不安定。
10、财运：纵有财运也难保，多防意外、拖累或损失，以求老运安祥。
11、健康：易患痔疮、肝炎、肺部、腰酸、脚痛，妇人病等。
12、老运：晚景似乎孤独，心情苦闷难安，事业陷入困境。"
土金土,98,575,686,吉,承蒙上师引进易获成功发展，基础运坚固，境遇安泰，心身健康，可得长寿幸福。,三才配置甚佳，基础运坚固，境遇安泰，喜下属忠心扶助，得长辈或上司之惠泽引进，努力奋斗，可轻易得成功，及伸张发展，很幸福安全之佳名。,"1、总论：青少年时期运气不错，中年时操劳不安，应多培养人际关系，向外发展，方有成就，中年后事业困顿，有财务困难之兆。
2、性格：温厚中带郁闷的个性，表面平静，内心好强好胜，自认为正确的事很难与人妥协，且容易在财务上发生困难受累。
3、意志：意志坚定，做事注重实际与工作，但处事冲动，欠考虑，应改进。
4、事业：适合从事人际较单纯的行业，或技术方面、门市方面等小本生意。
5、家庭：家境尚稳圆满，但夫妻因互不相让时有争吵。
6、婚姻：男娶贤淑好胜之妻，婚后尚称和睦；女嫁温和固执之夫，婚后有争吵。
7、子女：子女运良好，个个都活泼可爱，在社会上都能成功发展，并孝敬父母。
8、社交：有节俭的优点，但情绪不稳定，不善于交际。
9、精神：喜忧参半，表面虽平静，内心则不安宁，常有财务上的困扰。
10、财运：财运虽有不佳，但勤俭之家自有余。
11、健康：易患精神衰弱、肝胆、泌尿系统等症。
12、老运：老景稍平静，精神仍操劳不安，物质生活欠佳。"
土金金,90,577,688,吉,成功运佳，可达目的，惟有陷于顽迷过刚的缺点，甚至招致不和争论，受人攻击。,基础运虽平吉但成功运却甚佳，能得上司或长辈之提拔而得大发展，优秀之良配，但要勤勉，再加上说话及处事均力求和平稳健，而切莫得罪人（不可孤高、自大、刚硬、好胜、出风头等皆忌之，若得罪人须诚心道歉），始方能得大成功及发展。人格地格数，若无凶，身心健而无病。,"1、总论：毅力和活动力很强，做事认真，行事不马虎，很容易在社会上成功成名。若能淡泊名利，凡事三思而后行，保持人际和平者可立于不败之地。但只有小成功的配置。
2、性格：主观好胜心强，竞争心、忍耐也很强，是创业的人才，但因性急又名利心重，常在不知不觉中刺伤别人而引起反感，应注意改进。
3、意志：意志坚定，不易受世俗迷惑，但处事会有冲动之象，隐藏爆发性。
4、事业：做事能力和耐力都够，可闯出一番事业，但因运途有限，大都劳多而利少。
5、家庭：有孝心但表现及言词却相反，夫妻常有吵嘴之情形。
6、婚姻：男娶贤慧好胜之妻，婚后不太圆满；女嫁温厚才干之夫，婚后常有争执。
7、子女：男孩多于女孩，个性较顽强，要注意误入问题少年。
8、社交：外缘及社交能力都很好，但因个性好胜好强，容易得罪别人，如能改进，必能发达。
9、精神：表面乐观，内心常有不满足感，精神不能安定。
10、财运：有得祖荫之兆，否则财运不佳，幸能勤俭，可保平衡，切勿乱投资，劳命伤财。
11、健康：易患肝胆及呼吸系统之毛病。
12、老运：如本性难改，虽有一时的成功，晚景仍不安。"
土金水,55,579,680,凶,有成功运，得以发展。惟有意外或陷于急变没落。,若三才皆吉数，则能得上司惠泽及下属之助，只要戒除自大狂，乃必得辉煌之成功，并伸张发展，而有优越之成就，即为大吉之优良配置。但若人格或地格有凶数者，恐难免于急变没落及招致遭难或意外伤之危险。,"1、总论：人有冲天之志，无运不能自通，具备勤奋及克苦耐劳之美德，虽可成功一时，但不知何故又自己惹来失败的悲运，宜多慎重，守则安，进则凶。
2、性格：个性较为好胜刚强，喜夸张事实，多言少做，有志难伸，眼高手低，常在不平不满中度过。应守人和，方有成功希望，大多六亲无助，靠自力奋斗。
3、意志：意志坚定，做事常一意孤行，但有耐心能忍耐艰苦，追求事业的突破。
4、事业：若不好高骛远，脚踏实地，可安全上升，创造一番事业，但里面隐藏著否定的因素，有急变没落之兆。
5、家庭：易和父母顶嘴，夫妻常有争吵，子女不敬，家内有不安之象，有风流之性质。
6、婚姻：男娶好胜固执之妻，婚后家庭寂寞欠温暖；女嫁温厚寡和之夫，婚后不甚和睦。
7、子女：子女个性较孤独，与父母不和。
8、社交：个性顽刚好胜，争勇好斗，喜攻击他人是非，永不退让，容易与人发生冲突或争执。
9、精神：表面好像乐观坚强，内心却是空虚苦闷，精神生活不安定。
10、财运：从有财运也难保，应未雨绸缪早作积蓄。
11、健康：易患肾脏机能、肺部、外伤等症。
12、老运：晚景寂寞孤独，进退难取舍，身体有疾病，物质享受亦不佳。"
土水木,40,591,602,凶,成功运被压抑，难以有所伸张，徒劳无功，身心过劳，常有不满。,即使有实力，亦难被承认及欣赏，徒劳无功，心力交瘁，又遭嘲笑，身心过劳而陷于病弱或突发之灾祸，或交通灾变，三才配置甚劣，难获成功，甚至因奇祸而变成短寿之兆。,"1、总论：多才多艺、多灾多难的命运，中年前奔波劳苦，事业经过许多变化，有打破万难而成功者，也有因徒劳无功又遭嘲笑者。天运五行属土时，中年后有发展。
2、性格：人格部29、39划之人，聪明又判断力强，喜欢指挥别人而不居人下，但有宽宏之雅量。人格部19、39、49划之人，有才华但碰到的困难也较多，精神生活不安定，亦不注重物质享受。
3、意志：意志坚定，为理想而奋斗到底，且有耐心，能忍受艰苦，事业上会有突破艰难而成功者。
4、事业：凭自己的理想在奋斗，但成功不大，须有不屈不挠的精神，方能得到最后的成功。
5、家庭：父母缘薄，为家庭操劳，男命者夫妻比较和睦，女命者夫妻不太美满。
6、婚姻：男娶温厚贤慧之妻，婚后圆满；女嫁寡和之夫，婚后不太和睦。
7、子女：子女聪明而活泼，长大后能在社会获得成功，身体状况良好。
8、社交：为人坦诚，易怒易解，外缘社交还可以，喜欢占上风，善于舌辩，不知不觉中也常得罪他人。
9、精神：表面好像若无其事，其实内心急进不安。易受精神上的打击。
10、财运：一瞬间的财运，能持久的人很少，花钱先计划一下，免得赤字连连。
11、健康：易患胃肠、精神衰弱、肾脏机能、妇人病等。
12、老运：老景病弱，不太得志，身心不安，物质生活可保不缺。"
土水火,40,593,604,凶,成功运被压抑，难以有所伸张，徒劳无功，身心过劳，常有不满。,三才配置甚凶，至劣，不能成功，怀才不遇，殊多破乱变动，克死配偶或变为离婚，家庭难有恩爱幸福，而且绝对不安定，有突发急变之不测凶灾，极端不幸，恐破财或丧生之虑，此乃短命凶死之兆。,"1、总论：有天赋才华，但怀才不遇，容易造成愤世嫉俗的人生观，只要不自暴自弃误入歧途，财源自会与您结缘，中年后成功运尚佳。
2、性格：为人自在自傲，头脑虽聪明，主观意识较为强烈，容易遭受别人的反感与打击，以致内外不和，应注意被卷入财物或法律的是非中。
3、意志：意志不够坚定，理想脱离现实，且有浪费金钱的倾向。
4、事业：事业运很不乐观，困难重重，只要求稳定的行业，不计收入的多寡，待机行事会有成功的机会。
5、家庭：不安定、不和睦，应多忍让，免造成婚姻危机，子女亦难靠，。
6、婚姻：男娶固执寡和之妻，婚后多争执不安；女嫁好强顽劣之夫，婚后难和睦相处。
7、子女：女孩较多，身体稍差，且有灾病之兆，应细心照顾。
8、社交：人缘社交还算可以，但利已心较强，性格孤独交友不广，容易为朋友之事惹上是非，应注意。
9、精神：事事难如愿，精神常在不安定中。
10、财运：青少年操劳，中年后有少许财运，但恐因风流好色而浪费金钱，影响晚年。
11、健康：易患胃肠、心脏病、肾、膀胱、妇人病等。
12、老运：晚景转佳境，但缺乏家庭温暖，内心仍感苦闷，物质生活佳。"
土水土,40,595,606,凶,成功运被压抑，难以有所伸张，徒劳无功，身心过劳。,人格被上下双夹攻，最坏之三才配置，境遇不安定，而有多变之兆，徒劳而无功，易受人累，常陷于不安中，不能成功亦无法伸张，且有突发之不测凶灾或祸端或急症，导致破产或丧生之短寿兆特浓。,"1、总论：虽有聪明才智，但有志难伸，一生多劳碌，有眼高手低，怀才不遇之感叹，要多忍耐，中年后会有成功机会，财利可得。慎防意外灾病。天运五行属水时发展较快。
2、性格：常有不平不满，怨天忧人，但做事言行坚实，守其信用，在劳苦中求发展，自力创业，是渐进性的发展过程，只怕中途受挫折而心灰意冷，以致前功尽弃，宜培养耐力，定能成功。
3、意志：不够坚定，容易受世俗迷惑，耐心亦不足，处事容易冲动，任性且一意孤行。
4、事业：如为薪水阶级较为适合，但不满于现状，一心想创造一番属于自己的事业现而陷入孤军奋斗。
5、家庭：父母无荫，亲友少助，夫妻不和睦，子女不敬，只能将希望寄托于事业。
6、婚姻：男娶好胜理智之妻，婚后有争吵，但能持家；女嫁有才干而顽强之夫，婚后不甚美满。
7、子女：子女虽有责任，但反抗心很强，长大后独立心重。
8、社交：对外能守信用，言行自大而坚实，有观察力，但社交及人缘都算平庸。
9、精神：精神生活很不安定，心情苦闷，一生劳碌不安。
10、财运：您的努力没有白费，中年后则转入佳境，财源尚丰。
11、健康：易患肾脏、膀胱、胃肠及意外灾病。
12、老运：老景虽转入佳境，但精神仍孤独不安，缺乏家庭温暖。"
土水金,40,597,608,凶,成功运被压抑，难以有所伸张，徒劳无功，身心过劳，常有不满。,基础运吉，境遇可稍安定，因勤勉而有一时之大成功，但成功运劣，以致不能有所伸张发展，且恐有再败之兆，若人格或地格有凶数者，恐交通生祸或陷于体弱病难，或急功招败，或凶变遭难、祸端危害之虑。,"1、总论：这是一种白手起家、克服艰难而成功的配置。凡事不可太任性太急躁，保持人和处事成功较快，若只顾前进，会带来许多后顾之忧。天运五行属木时，可成功成名。
2、性格：有聪明的头脑和才华，一时怀才不遇也不必感叹，凡事应谦和待人，不要过份自大，多冷静思考，不要急于一时，以免遭到别人的反感与打击，造成创业的阻力。
3、意志：意志坚定，一直在追求自己的理想，但处理事情容易冲动，时常因欠考虑，而导致内外不和。
4、事业：如先求稳定再求发展，可平安无事，若好高骛远，欲速则不达，会因急功而失败。
5、家庭：与父母意见不和，白手起家，妻子有助力但时常闹意见。
6、婚姻：男娶精明勤俭之妻，婚后多争执；女嫁好胜寡和之夫，婚后不和睦，婚姻有危机。
7、子女：子女个性较顽强，长大后在社会上有所成就，虽有孝心，但表现却相反。
8、社交：好胜自大的个性，常引起别人的不满，凡事多替人着想，多忍让而得人和，定能成功。
9、精神：外表似乎乐观，其实内心不安定，凡事困扰多，精神烦闷又不平不满。
10、财运：早年劳碌，中年后财原甚丰。但天运五行属金时，劳而无功。
11、健康：易患胃病、神经痛、骨折等。
12、老运：晚景财源不缺，但欲望太高，精神仍不安定。"
土水水,40,599,600,凶,成功运被压抑，难以有所伸张，徒劳无功，身心过劳。不过有出异常发达者的可能。,虽然有很勉强的一时之小成，但不能伸张发展，即使暂时成功，也容易再陷落失败，破乱变动殊多，流离失所，本性不诚实，喜好诈骗财色，以致犯了刑罚，又有水灾病难，家庭之困苦不幸等，因急变大灾而陷于孤立贫悲。,"1、总论：这种配置很不平安，早年受到许多艰难困苦，急灾病难，如能逃过灾难，中年后可创立一番事业，成功发展，财源可得，天运五行属火、土之人，中年后成功率很大。
2、性格：有天赋的才华及满腹的理想，常有怀才不遇之叹，容易造成愤世嫉俗的心理，性格孤独与人寡和，并容易被卷入财务或法律的是非中。只要乐观奋斗，可得良机。
3、意志：意志坚定，思想正确，不易受世俗迷惑，耐性亦佳，有创业的毅力。
4、事业：早年奔走他乡谋生，为家庭劳碌，中年或有机会创出一番事业，艰苦中得到成功发展。
5、家庭：六亲缘薄，自力更生，夫妻勤俭持家，共同创业而成功，但常闹意见。
6、婚姻：男娶好强勤俭之妻，婚后不甚美满，家庭欠温暖；女嫁好胜寡和之夫，婚后常有争吵，难和睦。
7、子女：女孩较多，个性孤独，身体衰弱，须虚心照顾。
8、社交：比较好面子，好舌辩，喜欢求表面好看，性格孤高，只为自己的理想而前进，社交及人缘皆平凡。
9、精神：从小就没安定过，精神生活烦闷，物质生活再好，也无法得到安定。
10、财运：早年劳心劳力终有所得，中年可较安定，晚年财运丰。天运属水，一生难发展。
11、健康：易患头疼、胃肠、肾、膀胱、妇人病等。慎防意外灾病。
12、老运：晚景虽财源不缺，但难享天伦之乐，精神苦闷，心情不开朗。"
金木木,40,711,822,凶,成功运被压抑，难以有所伸张，徒劳无功，身心过劳，尤其易神经衰弱。,双木协力抗一金：基础安泰，得人相助，而达成功安逸，但成功之后，不能向上伸张发展，只能勉强维持原状。但在中、壮年期间：须提防交通事故，车祸或被金属之物所伤致危，甚至遭遇半身不逐而残废。,"1、总论：青少年时期较困苦，中年时期慢慢发展，劳心劳力奋发向上，有少许成功运，若不知足会惹来更多苦劳，而致神经衰弱，且有外伤、他伤之兆。天运五行属土时，发展性较大。
2、性格：为人勤奋，有才华及毅力，但创业过程很不如意，做事主观固执，容易陷入一意孤行，属于外柔内刚的个性，疑心稍重。
3、意志：意志尚称坚定，不断在追求事业上的突破，但有浪费金钱的倾向。
4、事业：须经过千辛万苦方有成就，如从事人际关系较单纯的事业，比较容易成功。
5、家庭：男命者家庭尚称圆满，父母缘薄。女命者夫妻不和，有分居或离散之灵意。
6、婚姻：男娶贤慧好强之妻，婚后大致圆满；女嫁好胜固执之夫，婚后常有争吵。
7、子女：女孩较多，聪明孝顺，其中有身体较虚弱者。
8、社交：为人谦虚客气，但不善交际，诚意待人而不得其门，常有受累之情事。
9、精神：对外乐观，内则苦闷，精神不安定，又有受亲友拖累而操劳不安之倾向。
10、财运：操劳中赚钱，财运平凡，积蓄多寡，在于节俭问题。
11、健康：易患神经衰弱、肝胆机能、胃肠、神经痛、呼吸系统、外伤等。
12、老运：终生操劳，老景精神仍孤独不安，事业受困顿之兆。"
金木火,40,713,824,凶,成功运被压抑，难以有所伸张，徒劳无功，身心过劳。,弱木化火以抗金：基础运之境遇，无事安泰而可成功于一时，但成功运被压制，不能有所伸张。中、壮年期间：须提防交通事故、车祸，或被金属之器所伤致危之虑，西方乃此格之煞方，少去为妙。,"1、总论：凭着才华和毅力，可得相当阶段的成功，如想继续往上爬，可能碰到许多困难，以致产生不平不满，精神过劳，苦闷不堪。一生事业变化很大。
2、性格：有领导和创业的才能，凡事有计划性的安排，有技艺方面的特长，可得人赞赏，为人仁慈，但好面子，有时大言不惭，而被误会有自大之嫌，为人努力且理想颇高。
3、意志：意志坚定，能奋斗到底，耐性亦佳，能忍受艰苦，创立一番事业。
4、事业：青少年劳苦，中年有成功机会，但应适可而止，不可贪得无厌，免劳命伤财，守则无忧。
5、家庭：有父母缘薄或早亡之兆，靠自力更生。男命夫妻较安定，女命恐有反目。
6、婚姻：男娶贤慧之妻，婚后恐为应酬之事多意见冲突；女嫁好胜固执之夫，婚后多争执，恐有仳离。
7、子女：女孩较多于男孩，活泼可爱，长大后在社会上会有成就，帮助父母。
8、社交：人缘社交都很好，对下属也很慈爱，能得朋友意外之助，但也有卷入朋友是非之灵意。
9、精神：表面乐观，内心操劳，精神不安定，为事业劳碌不休。
10、财运：财运平凡，时富时贫不稳定，不必要的浪费要节制，免陷入财务困难。
11、健康：易患脑神经衰弱、胃肠、肝胆机能、内分泌障碍等。
12、老运：晚景苦中带乐，喜忧参半，精神不安之兆，物质不缺。"
金木土,55,715,826,凶,成功运被压抑，难以成功，易生身心过劳，惟境遇尚可得安定。,木向下弥展而避免与金相抗，因此可无交战而获得安然，力求和平而少灾遇之危，基础运克勤安泰无事，而可成功于一时，境遇安定，但难于伸张发展，易患生身心过劳，神经衰弱等病难，或陷于怀才不遇之逆境。中、壮年期间亦须提防交通事故。,"1、总论：这是一种较平凡的配置，若努力向上且忍耐力强，可得正比率的发展，但大成功的机会不多，易生身心过劳，是辛勤得财类型。天运五行属水之人，事业顺利，财源甚丰。
2、性格：为人仁慈，喜欢助他人，有进取心，对家庭有责任感，一生辛勤奋发，但处事较主观固执，容易陷入一意孤行，这一点应改进。
3、意志：意志不够坚定，计划不够周到，处事也有冲动之倾向。
4、事业：属于一种稳定性收入的行业，如薪水阶级、农牧业，成本不大的生意均很适合，也能顺利。
5、家庭：男命者家庭大致圆满，夫妻共同创业。女命者家庭多争执、不和，应多忍让。
6、婚姻：男娶努力节俭之妻，婚后大致和顺；女嫁好胜克勤之夫，婚后有争吵。
7、子女：女孩较多，有责任感又能孝顺。但身体较为虚弱。
8、社交：性格较直率，有话直话，少言而多行，外缘及社交能力均不错。
9、精神：表面似乎无事，为家庭及工作多操劳，精神不安定。
10、财运：劳碌之财，如能节俭，积少成多，仍可小富。
11、健康：易患胃肠、神经衰弱、呼吸器官、头痛等症。
12、老运：一生劳碌，老景尚佳，但仍闲不住，继续辛勤不休。"
金木金,40,717,828,凶,成功运被压抑，难以伸张，常见不安不满，境遇变动多。,双金如钳形夹攻而斩断弱木，最苦、而容易发生交通事故或受金器所伤最危之三才凶配置。境遇横逆多变，迫害殊多，破乱多霉，常感不平、不满之事或有常受欺压之苦，精神残痛，多成多败，饱受折磨，有突发不测之遭难变死之短寿兆。,"1、总论：精神多苦闷，困难重重之象，六亲难靠，靠自力更生，能克服艰难而成功者有之，又有外伤、多病之兆，大都中年前劳碌不安。天运五行属木之人，中年后能够成功发展。
2、性格：有助人之本性，而为他人多劳，一心一意为赚钱而努力，也有中途自暴自弃而沦落者，只要忍耐行事，成功是有望的。
3、意志：意志不够坚定，常凭构想而行事，缺乏实际，耐力不足，处事会有冲动之象。
4、事业：如摒弃依赖之心，早做自力谋生打算，任何艰难挫折当做一种大考验，培养耐力自能成功。
5、家庭：父母无荫，六亲无助，夫妻多争吵，子女不敬，家庭欠温暖。
6、婚姻：男娶好胜固执之妻，婚后不圆满；女嫁顽固性急之夫，婚后多争执。
7、子女：子女个性顽强，与父母意见不和，从小要多予管教。
8、社交：人缘社交均不错，心情时好时坏不稳定，往外发展，成功较快。
9、精神：外表乐观，事事难如愿，心情多苦闷，精神不安定。
10、财运：早期财运不佳，中年后财利可得，大都误打误中而得财。
11、健康：易患肝胆机能、筋骨酸痛、肺病、神经衰弱、精神分裂症等，慎防外伤急厄。
12、老运：一生操劳苦闷，老景转入佳境，但精神仍孤独不安。"
金木水,35,719,820,凶,成功运被压抑，难以伸张，易失败流转。,颇有一时之成就而博得名利，但因成功运被压制，不能有所伸张发展，恐易再陷落流亡、失败、逆境、流浪或遭电击所伤、武器杀伤，甚至变为短寿或染有难治之顽疾，尤其防车祸。,"1、总论：早年有不祥之兆，凭努力及耐力，中年可成功发展，但事业有盛衰起落之灵意，处事应多谨慎注意。天运五行属火之人，中年后财运甚丰。
2、性格：行事稳重可靠，注意实际与工作，肯为他人牺牲，是讲义气的类型，但有时对自己满怀信心，容易陷入一意孤行，应改进。
3、意志：意志坚定，靠自己的毅力突破万难，耐心亦佳，能忍受艰苦，是创业的人才。
4、事业：中年前事业阻挠很多，如能经得起考验，中年后有成就事业之象，但须忍耐导重行事。
5、家庭：父母无荫，亲友难助，夫妻缘薄，子女亦难靠。
6、婚姻：男娶克勤克俭之妻，婚后家内不安；女嫁好胜寡和之夫，婚后多争执。
7、子女：女孩多于男孩，性格较孤独，身体状况不佳。
8、社交：人缘及社交能力还不错，肯为人操劳，但主观较强，容易被人误会，须改进。
9、精神：表面似乎乐观，但理想太高，达成不易，精神烦闷不安。
10、财运：财运不稳定，时贫时富，财务问题应慎重处置。
11、健康：易患神经衰弱、肠胃、头痛、肾脏机能、妇人病等症。
12、老运：一生劳碌，晚景较安定，但家内欠温暖，精神烦闷不安。"
金火木,30,731,842,凶,成功运被极度压抑，难以有所伸张，因不满之结果易生悲观。,得下属之助，基础安定，地位及财产皆颇坚固，但因成功运被压制，乃难于伸张，而生出不满、不平之结果，易伤害脑或有肺呼吸器病，甚至有凶变遭难或自杀、火灾等不祥之虑。,"1、总论：早年多劳苦，靠白手起家，中年事业有成，财利可得，然不可太大意，否则会有下降的倾向。常因自己判断错误而损财。天运五行属火时，中年前财源广进，老境失败不安。
2、性格：待人诚恳，乐于解决别人的困难，不耐孤独无聊的生活，对长上言行不敬，性急而缺乏耐心，依自己的热忱与决心，终可得到应有的报酬。
3、意志：意志坚定，有突破艰难的毅力，但处事容易冲动，有一怒不可收拾之倾向。
4、事业：中年是发展事业的起点，凡事培养耐心，三思而后行，自可成功发展。
5、家庭：男命者与长上不和谐，夫妻圆满，但应戒色。女命者夫妻不睦，慎防桃花运。在家喜欢掌权。
6、婚姻：男娶贤淑持家之妻，婚后家庭和睦；女嫁懦弱寡和之夫，婚后不美满。
7、子女：女孩较多，却都聪明可爱，长大后有所成就，也很孝顺父母。
8、社交：人缘社交都很好，待人诚恳有礼，诚实直率而得信赖，异性缘亦佳。
9、精神：为人似乎乐观进取，常有琐事来困扰，心情苦闷不与人知。
10、财运：中年后财运颇佳，依努力发展成功之兆。
11、健康：易患头痛、神经衰弱、精神分裂症、肺部等疾病。
12、老运：老景钱财不缺，但有孤独不安之兆，多注重精神修养为要。"
金火火,40,733,844,凶,成功运被压抑，难以成功，因不安不满之结果易生悲观。,双火协力攻克一金：因勤勉多闻而在中年或壮年得能以盛运成功，但除非毅力坚强耐久，否则难于有很大之上伸发展，尤须提防言语惹祸或火灾或脑炎之灾害。但喜：人、地两格，至少有其一属23数则较有把握可速成就。,"1、总论：为名为利终日操劳，早年环境多灾变，中年会有成功至，又恐性急误大事，而陷入孤军奋斗、亲友无助之局面，有身心过劳之虞。属于白手成家之类型。
2、性格：爱慕虚荣，好大喜功，性急而不重实际，不耐独处无聊的生活，有桃花运之倾向，应培养耐力、定力，方可立于不败之地。
3、意志：意志不够坚定，容易受世俗迷惑，理想往往脱离现实，所幸靠努力而有所补救。
4、事业：属于操劳得财的行业，虽可闯出一番事业，但精神的付出及艰难很多。
5、家庭：男命恐有因应酬或风流之事而导致夫妻不睦。女性者好胜好强，恐有婚姻危机。
6、婚姻：男娶性急固执之妻，婚后不甚圆满；女嫁懦弱寡和之夫，婚后常争吵。
7、子女：子女个性活泼而顽皮，长大后有所成就，但个性主观好胜，常一意孤行。
8、社交：性急容易得罪人，有时为了好面子，而为他人所累，并有桃花运的倾向。
9、精神：表面大方乐观，但有眼高手低之倾向，精神常在不安定中。
10、财运：中年后财利可得，但有不持久之倾向。天运五行属金之人较稳定。
11、健康：易得头痛、脑溢血、神经衰弱、呼吸系统、精神分裂等症。
12、老运：老景似乎孤独不安，身体有疾患，事业有变化，但钱财不缺。"
金火土,40,735,846,凶,成功运被压抑，难以伸张，境遇虽得稍稍安定，但易生悲观。,基础坚实，境遇可稍得安定，而有一时之成功，但除非毅力坚强耐久，否则难于有很大之上伸发展，身心劳苦，故而易生脑、肺疾等病。,"1、总论：虽然成功运不佳，只要自己有热忱与决心，终能得到应得的报酬，凡事不可操之过急，保持人和，可有成就，财利可得。天运五行属水时，中年后事业发展，财利甚丰。
2、性格：稍倾于自大的个性，好面子且有虚荣心，有心往外发展，但与人交往却有格格不入之感叹，眼高手低，忧郁气闷，以致精神过劳，容易卷入亲友是非中，平白遭受损失。
3、意志：意志坚定，为理想而奋斗到底，但脾气不佳，处事容易冲动。
4、事业：从事人际关系较单纯的行业较适合，以免惹事生非，吃力又不讨好，影响工作心情。
5、家庭：与长上意见不和，夫妻多争执，或因外遇而影响家庭和睦。
6、婚姻：男娶好胜勤劳之妻，婚后不圆满，难免争吵；女嫁懦弱寡和之夫，婚后常有争吵，注意婚姻危机。
7、子女：子女聪明有责任感，长大后在社会上有所成就，也能孝顺父母。
8、社交：待人热心积极而常为他人所累，虚荣心较重，有时明明是吃亏之事，还以为占了便宜，社交不佳。
9、精神：表面装的似乎乐观，但环境压力很重，精神苦闷难安。
10、财运：早年较劳苦，中年有财利，但有受人拖累而陷入困境之兆。
11、健康：易患头痛、神经衰弱、呼吸系统、精神分裂等症。慎防意外急灾病难。
12、老运：晚景尚称安定，天运五行属水时，可享清福。"
金火金,40,737,848,凶,成功运被压抑，难以成功，易生心身过劳。,基础运及成功运均劣，绝对不能成功，更谈不上发展，易导致身心过劳、神经衰弱及病难、短寿等凶兆。于青年、中年期间惨遭受断肢残体意外之灾，患肺病，克配偶，家庭及部下之间多争执，甚至发狂或变死。,"1、总论：个性好胜好强，雄心勃勃，终致到处碰壁，尝尽失败的滋味，但有时也有出人意料的绝招，可闯出一番成就，得到财利者，慎防意外灾病，中年有失败灾厄之兆，慎防。
2、性格：表面虽乐观，但好出风头，有自大之嫌，容易接近异性，不耐独处。六亲虽无助但朋友还不错，应多修身养性，集中精神及精力于事业上，成功一定属于您。
3、意志：意志不够坚定，情绪亦不稳定，耐力不佳，处事容易冲动。
4、事业：早年劳苦，不如意事十常八九，但绝不可自暴自弃，误入歧途，回顾过去名人哪个不是多灾多难。
5、家庭：家内不和多争执，夫妻常争吵，子女易反感。须注意色情之灾。
6、婚姻：男娶容忍寡和之妻，婚后不和睦；女嫁懦弱固执之夫，婚后不圆满。
7、子女：女孩多于男孩，个性较顽强，容易和父母顶嘴，独立心较重。其中有身体较差者。
8、社交：属于内忧外喜的个性，家内不平不和，对外却勉强行事，人缘社交还算圆满。
9、精神：内部多劳多争，精神不安定，心情劳苦亦不欲人知。
10、财运：中年后财运尚佳，但须戒风流成性，浪费时间和金钱。
11、健康：易患神经衰弱、头痛、呼吸系统、妇人病、难产等。
12、老运：晚景财源不缺，但生性急躁固执，精神郁闷不安。"
金火水,35,739,840,凶,成功运被压抑，难以成功，易遭变化。,至劣之配置，绝对不安定，基础崩败，成功不能，上伸困难，必有意外急变，易遭触电所伤，或被杀或遭火灾及不测之危身、危命诸灾，丧失生命或财产，及脑溢血、发狂、趺跤、溺水短寿之不祥事。,"1、总论：这种很不幸的配置被您碰上了，中年以前不知要经过多少的挫折苦闷，又有急厄灾变要您去克服，漫长的黑夜总有过去的时候，拿出魄力及耐力，最后成功还是属于您的。
2、性格：待人心性急，不耐独处生活，头脑急智活泼，举止优雅，易与异性接近，外柔而内刚，稍有固执之感。感情易冷易热，情绪很不稳定。
3、意志：意志不够坚定，做事计划欠周详，但能忍耐失败的打击。
4、事业：您的人生考验较长，中年前奔波劳苦，事业难顺利，中年后有成功机会，但须相当忍耐行事。
5、家庭：与长上意见不和，夫妻一时圆满，终会离异或争执不休。
6、婚姻：男娶好胜性急之妻，婚后幸福难持久；女嫁得过且过之夫，婚后常为小事而闹意见。
7、子女：子女性格较孤独，身体状况不佳，与父母感情不融洽，长大后恐难靠。
8、社交：喜好面子摆排场，性急易与人冲突，人缘不错，社交不甚圆满。
9、精神：表面热情大方，其实精神不安，内心又苦闷，有苦说不出。
10、财运：中年前经过很多苦劳或风波，中年后财源可得，但有不稳之兆，应注意防守。
11、健康：易患头痛、心脏病、精神衰弱或分裂症、妇人病等，更有急病、遭难等危险。
12、老运：晚景财源不缺，家庭多是非，精神烦闷不安。"
金土木,70,751,862,平,虽可顺利成功，达到目的，惟基础不稳。,欣庆果能成功顺调，容易发展达到目的，亦能成富、成贵，唯在幼少年期之境遇不稳安而较多变化、若为凶数尤其以幼少年期间，恐有胃肠疾患及遭崩塌或坠落物所伤之虑。,"1、总论：可成功发展之配置，介境遇不安定，事业有变化之兆，经过多少劳苦，可以稳定发展成功，后运安祥吉，但大运五行都不同，与天运五行生克变化大，有成败一瞬间之灵意。
2、性格：举止谦和有礼，比较发面了摆排场，有讽刺及不输心理，做事考虑过多，容易放弃好机会而无法把握信住。应培养坚定的心志，成功较易。
3、意志：意志不够坚定，思想易变，做事有虎头蛇尾之象，有浪费的倾向。
4、事业：早期有一度的成就发展，但有变化的灵意，中途易陷入劳苦状态，中年后名利可得。
5、家庭：家庭和睦，夫妻尚美满，子女稍顽固。男命者对妻子多忍让点就能和谐。
6、婚姻：男娶好胜持家之妻，婚后大致圆满幸福；女嫁多才温厚之夫，婚后家庭生活甜蜜。
7、子女：女孩多于男孩，聪明而性稍顽固，长大在后主观较强，与父母意见不和。
8、社交：人缘很好，对异性富有魅力，待人颇诚恳，能受朋友信任，社交能力佳。
9、精神：精神尚称愉快，但有后顾之忧，老年缺乏天伦之乐。
10、财运：财来财去，中年后会渐趋稳定，晚年财运颇丰。
11、健康：易患胃肠、肝脏、妇人病或难产。
12、老运：晚景安然顺调，精神有孤独感，子女都各自离家生活。"
金土火,70,753,864,平,可得意外成功发展，名利双收，境遇稳固，惟数理欠佳。,可获得意外之大成功，名利双收，且得大发展，诸事顺利隆昌，大吉大利。但数理若凶则恐好景不长。若无凶数，则可免忧虑。,"1、总论：表面似乎安定，其实运限不佳，顶多只能求得平稳，如自己创业实在很难成事，有眼高手低的倾向，不耐吃苦烦重的工作，容易放弃好机会，天运五行属火时，中年可成功一时，。
2、性格：性情温和有礼，严守社会秩序、公共道德，好施要领且好面子，但意志较弱，缺乏决断力，工作态度很认真，但不耐太繁重的工作，成功是有限的。
3、意志：意志坚定，稳定中求发展，忍耐亦佳，处事不易冲动，考虑较为周祥。
4、事业：如为薪水阶级或从事稳定收入的小资本生意，可平安发展，投资较大或投机生意都不合适。
5、家庭：妻子与长上不和之兆，夫妻亦很难相处，很容易往外发展。
6、婚姻：男娶懦弱寡和之妻，婚后大致圆满幸福；女嫁多才温厚之夫，婚后家庭生活甜蜜。
7、子女：女孩多于男孩，聪明而性稍顽固，长大在社会上会有成就。
8、社交：为人忠厚老实，做人处事很守原则，做事不够积极，缺乏果断力，容易受人拖累。
9、精神：表面似乎平安无事，但凡事少成，内心却有苦说不出。
10、财运：财运不佳，有小财利时应该满足，守则安，动则凶。
11、健康：易患脑溢血、心脏病、胃肠病等。
12、老运：一生操劳但功少，晚景力不从心，精神欠开朗。"
金土土,98,755,866,吉,可获得意外成功发展，有名利双收的运气，基础稳固，平静安康，免于种种灾祸，可得幸福长寿。,易达目的，轻易成功，名利双收，一帆风顺，福泰鸿量，万事安宁，顺利发展，生涯境遇安泰，即使数理有凶也可免于灾祸。,"1、总论：一生平安平稳之配置，缺乏果断力，不耐吃苦繁重的工作，早年平顺中小有发展，若不知足而继续扩展事业，将陷入财务困难，有受人拖累、欺骗破财之灾。
2、性格：外表虽和蔼易处，内心却倾于固执，做事不积极，有眼高手低之缺点，很难把握住良机，表面上似乎经济能力不错，但内心却隐藏种种困难，亦不欲人知。
3、意志：意志坚定，做事稳扎稳打，但耐心不足，常有虎头蛇尾之倾向。
4、事业：只适于薪水阶级或从事稳定性的小生意，若好面子摆排场，从事不实际的工作，会让您失望的。
5、家庭：若人格部25画，夫妻有争吵，其他大致圆满，但恐有外遇而影响夫妻感情。
6、婚姻：男娶贤淑持家之妻，婚后夫妻和睦；女嫁才华温良之夫，婚后家庭美满。
7、子女：女孩多于男孩，有责任感，长大后能孝顺父母，并得社会上的好评。
8、社交：人缘很好，举止谦恭有礼，待人有诚意，但不得要领，社交不算成功。
9、精神：如容易满足者，可得精神愉快，但大都陷入内心劳苦，不满现实。
10、财运：财运不佳，应多节俭，减少意外损失，免造成赤字发生。
11、健康：患胃肠及肾、膀胱等症。
12、老运：晚景无显著进展，劳多功少，心情烦闷不安。"
金土金,98,757,868,吉,可获得意外成功发展，有名利双收的运气，基础稳固，平静安康，可得幸福长寿、繁荣昌隆。,基础稳固，希望易达，顺利成功发展，名誉与福份俩俱充足，隆昌威仪，大成功、大余庆、繁华荣隆。,"1、总论：表面似乎吉祥，其实多劳而功少，为家庭操劳不休，难得贵人提拔，成功机会很少，只能求得平安过日，注重精神生活方为上策。
2、性格：本性善良，勤勉持家，稍好面子，但有消极的倾向，又好出风头，讲话不认输，亲友无助，靠自力更生，追求异性较大方，对喜爱的人能积极争取。
3、意志：意志坚定，辛劳中追求理想。但耐性不佳，碰到了困难，容易中途放弃。
4、事业：薪水阶级或稳定性小本行业较为适合，如好面子扩大经营，会陷入困难。
5、家庭：家庭大致圆满，但配偶理解性欠佳，夫妻多争执。
6、婚姻：男娶克勤固执之妻，婚后时有争吵；女嫁才华固执之夫，婚后大致美满。
7、子女：子女个性较顽强，比较容易和父母顶嘴，长大后能有成就并孝顺父母。
8、社交：人缘虽好，社交能力不佳，守其和平，免受人牵累损失。
9、精神：表面似乎乐观无事，但内则不如意，内心苦闷不安定。
10、财运：财运不佳，靠努力维持生活一生只能辛勤度日。
11、健康：易患胃肠、妇人毛病。
12、老运：晚景有改善，但精神、财运仍不佳。"
金土水,60,759,860,凶,虽可顺利成功，名利兼收，但基础不稳。,青年多劳，切莫悲观则劳终有成，与人合伙须善处理，更胜独营。于中年或壮年可得成功，名利双收，并得大发展之庆，可惜因基础运劣，使成功运受牵制，故突发之灾遇或损失也不少。,"1、总论：一生劳碌不息，难成功的配置，有企图与侧身份不相应的言行，好摆面子无力强拖，有眼高手低的倾向，自悲自叹命运的不公平。天运五行属火时，可得小成功。
2、性格：为人忠厚老实，内心稍微固执，易亲易离的个性，来者不拒，去者不追，有时自己有困难，还想帮忙别人，容易被人拖累或损财。亲友少助之配置，只能靠自力奋斗。
3、意志：意志不坚定，计划之事容易三心两意，中途变更，但忍耐性佳，可以忍受辛勤劳碌的生活。
4、事业：如有一时的小成功应该满足，千万不可好高骛远，惹火烧身，否则只有徒增忧伤。
5、家庭：家庭不和睦，妻子不得力，大都劳碌不安。女命者较佳。
6、婚姻：男得意志不坚之妻，婚后不圆满；女嫁固执好胜之夫，婚后多争执。
7、子女：女孩较多，性格孤独，身体稍虚，应多给予爱的教育及精神上的鼓励。
8、社交：有成仁之美德，乐于助人，却吃力不讨好，社交运不尽如意，但人缘颇佳。
9、精神：凡事不如意，内心多劳苦，精神不安定。
10、财运：财运不佳，应多勤俭维持家庭生活，保持健康及精神上的愉快为要。
11、健康：易患胃肠、肾脏、膀胱、妇人毛病，防急厄灾病。
12、老运：终身劳碌，无显著进步，精神劳苦，感受到人情冷暖的凄凉。"
金金木,60,771,782,凶,虽得成功发展，但易生灾，争论不和。,虽因勤奋可得一时之成功发展，但很不安定，若不慎则随时均有颠覆之险，另亦有不则之危祸以致残废，或遭难或克妻，另须严防交通事故。,"1、总论：竞争心特别激烈，靠魄力才干一时成功者有之，但大都陷入内外不和，易流为问题少年的类型，应多容忍，等待发展时机。慎防外伤或与人斗殴及法律纠纷。
2、性格：个性主观而刚强，不能容许别人超过自己，有忍耐力，不怕任何打击，做事欠考虑，有一怒不可收拾之象，易惹官讼是非，宜忍之，大都骨格健壮，有运动方面的天份。
3、意志：意志不坚定，凭自己喜好而行事，处事容易冲动，容易误事。
4、事业：事业运不佳，顶多只有一时成功，而陷入苦难操劳，请多忍耐，以劳力换取生活是最平安的。
5、家庭：家庭不睦，夫妻失和，有分离或缘尽之兆。应多忍让以保和气。
6、婚姻：男娶懦弱寡和之妻，婚后争吵不安；女嫁顽固不堪之夫，婚后难得安祥。
7、子女：女孩较多，难聪明但独立心强，且有缘薄之兆及外伤之灵意。
8、社交：做事欠思量，有时好逞强，有惹火烧身之厄，事后也自觉糊涂失笑，何不事前多容忍。
9、精神：表面装得很坚强，其实内心苦闷，精神不安定，常有琐事来困忧。
10、财运：财运不佳，应多节俭，且注重于精神方面的修养。切勿有与身份不相应之念头。
11、健康：易患呼吸系统、神经衰弱、脚疾、外伤等病症。
12、老运：晚景难得安宁，顽性不知制，精神苦闷，有缺乏天伦之乐之兆。"
金金火,50,773,784,凶,虽得成功发展，但因心身过刚，境遇不安，变动殊多。,虽因勤奋可得一时之成功发展，但绝对的不安定，杂乱灾祸与变动殊多，必定早因不测之危祸或遭难或外伤或交通事故，或被人杀害或发狂杀人，而引致短寿凶终。,"1、总论：若有一时成功，仍生活在若闷中，而陷于身心过劳、内外不和、财务困难等种种困扰，且有不测之灾祸，而失去生命或财产者，一生劳碌不安。天运属木时，中年后可成功一时。
2、性格：有坚强的忍耐力，能忍受一切困苦或打击。性格倾于主观好胜，不善交际，容易被众所弃，六亲无助而自力更生，心情多劳苦。有被双亲牵累而损财不安之兆。
3、意志：意志不坚定，但为人努力不懈，也能够忍受艰苦及命运的折磨。
4、事业：不可从事超过自己能力或财力的工作，否则会陷入劳而无功、入不敷出的困境。
5、家庭：如为长子，则父母恐缺其一，夫妻不和，子女难靠，家庭不安宁。
6、婚姻：男娶好胜顽固之妻，婚后家庭不圆满；女嫁性刚寡和之夫，婚后常争执。
7、子女：女孩多于男孩，聪明又顽皮，长大后独立心很强烈，与父母意见不和。
8、社交：为人性情过刚，性急而口齿伶俐，不善于交际，较喜欢安静，应从事人际关系较单纯工作。
9、精神：表面坚忍，一生多挫折，内心很苦闷，精神不安定。
10、财运：财运不佳，应多注重精神方面修养，培养愉快心情。
11、健康：易患头痛症、呼吸系统、妇人病、脑疾等。
12、老运：事多常遇困扰，晚景稍有改善，但精神及物质生活仍不佳。"
金金土,90,775,886,吉,容易成功达到目的，境遇稳固，心身健全，惟易陷于过刚，应多谨慎。,容易成功，达到目的，境遇安固，身心健全，名利双收，威权显达，运势昌隆。,"1、总论：做事认真严肃，喜欢当老板自己决定事情，不愿受到别人的牵制，会有一时成功或成名的配置，但财运只能稳定，而无法致富。天运属金时，晚年多灾易遭失败。
2、性格：具有相当的忍耐力，竟争心也特别强烈，是创业的人才，但性情主观而好胜，性急口齿伶俐，会在不知不觉中刺伤别人，应改进，一生成功率很小。
3、意志：意志坚定，但过于固执，处事容易行动，又喜欢耍个性。
4、事业：恁藉著意志可创立一番事业，功成名就，但财运欠佳，应多节制，不要造成财务危机。
5、家庭：家庭圆满，但个性倔强，夫妻多争执，子女孝顺。
6、婚姻：男娶贤淑之妻，婚后大致和睦；女嫁才干持家之夫，婚后常有争吵。
7、子女：子女有责任感，长在后能在社会上获得成功，与父母同心协力，创造家业。
8、社交：人缘及社交能力均不错，活动力强，能受朋友拥戴，交友广阔，各阶层人士都有。
9、精神：只怕欲望过高，而自讨苦吃，常有不平不满，情绪不稳定。
10、财运：财运不佳，如有稳定收入应该满足，野心勃勃，只有徒增困扰。
11、健康：易患神经衰弱、呼吸系统等疾病。
12、老运：晚景力不从心，难得进展，精神不安定，家庭尚称和谐。"
金金金,60,777,888,凶,性格刚强，正义感强，虚荣心重，缺乏同化力，有钢铁般的气质，人生多磨难。,此兆难论吉凶，若配吉数则判为吉，则可视为中吉。若有凶数即变成小吉而已。但限于幸逢连珠局或先天生辰四柱之喜用神是金或独爱金者，用此局则大呈祥，亦可得庆。但以外之情况，莫用此局，因金之超过钢硬不化，诱化顽刚失和之争端或自陷孤独、遭难、乱杂诸不祥，切莫轻用之。,"1、总论：聪明才智高，但缺少容人之雅量，竞争心特别强烈，能吃苦、耐劳克服任何困难，依赖自力而创业，但财运不佳，大多劳多功少，天运五行属火时，一生多灾不安，老运稍得安宁。
2、性格：为人孤高又固执，耐久力强，不顾受到别人的牵制，性刚又急，口齿伶俐，常不知不觉中刺伤别人而引起反感，若能改进顽强性，必能减少发展之阻力。
3、意志：意志尚称坚定，但不与人商量妥协，处事又容易冲动，常破坏美好的气氛。
4、事业：高不成低不就的个性，有眼高手低的感叹，应有先见之明，持盈保泰，免惹火烧身，劳民伤财。
5、家庭：六亲缘薄，家庭和睦，夫妻多争执，子女不受教。
6、婚姻：男娶好胜固执之妻，婚后家内圆满；女嫁顽固寡和之夫，婚后互不相让。
7、子女：子女个性顽强，容易和父母顶嘴，应注意成长期流于问题少年。
8、社交：为人风流好斗，不与人妥协，无形中常得罪人，人缘虽好，人际关系欠妥圆满。
9、精神：表面很坚强，内心则空虚不安，内外不和睦，精神烦闷劳苦。
10、财运：财运不佳，应注重精神修养，培养人际平和保持心情愉快。
11、健康：易患肝胆、呼吸系统、外伤等症。
12、老运：终身顽性不改，老景仍孤独不安，心情多苦闷，又缺乏天伦之乐。"
金金水,50,779,880,凶,有成功运，基础尚稳固，但因心身过刚而易陷于孤独不和的境遇。,以坚志毅力，克服艰难，达成功扩展，身心皆健，若生辰之原命喜金水者，得此名吉。但人、地两格其一是凶者，则虽也能成功发展于一时，但终因急变而逐渐的没落崩败或失和、孤立或遭遇危身灾险。,"1、总论：以个人的聪明才智和毅力，可克服难关，成功一时，财利可得，但内里隐藏变化的灵意，恐有受人拖累，或意外之灾而失去生命或财产者有之。
2、性格：为人聪明，主观而好胜，自力奋斗，有坚强的忍耐力，可承受失败的打击，是创业的人才，应避免因判断误而遭意外失败。
3、意志：意志坚定，做事很有自己的原则，忍耐性亦佳，可忍受一切艰苦，成功有望。
4、事业：事业运相当不错，凭毅力可闯出一番成就，但仍不可太大意，否则会遭到失败的打击。
5、家庭：家内似乎有不安之感，亲友难助，夫妻多争执。
6、婚姻：男娶好胜固执之妻，婚后不甚美满；女嫁顽固好强之夫，婚后家庭不睦。
7、子女：子女个性稍倾孤独，尚能坚忍上进，身体有虚弱倾向。
8、社交：性情孤高而苦闷，外表乐观，内心空虚操劳，好吹嘘言，容易卷入朋友是非中。
9、精神：表面坚强，有苦不露于外，内心烦闷不安，且有后顾之忧。
10、财运：有一时的财运，名利双收，但不稳定，慎防意外失败，有胜败一瞬间之预兆。
11、健康：易患头痛、筋骨酸痛、风湿症、妇人毛病，慎防急变灾病。
12、老运：晚景如草木逢春，财源不缺，但精神苦闷不安，应寻求精神寄托。"
金水木,60,791,802,凶,承受长辈或上级提拔获得意外成功，但有家庭不和之虑。,境遇安全，长辈惠泽，承受父祖之余德，前辈之提拔，而可获得意外之成功发达。但数理若凶，或许陷于病弱。,"1、总论：似乎可以成功发展的配置，然奋斗过程中难免碰到许多困难，发展到某一程度，即无法再突破，造成愤世嫉俗的人生观。天运五行属金者，事业能成功发展，名利可得。
2、性格：为人坦白而易怒易解，具有天赋的才华及理想，但因迟迟难以实现而内心苦闷，病弱且带有桃花运，容易造成财务上的损失。
3、意志：意志坚定，为理想而奋斗不懈，耐性亦佳，可以忍受艰苦，得到应有的报酬。
4、事业：有相当程度的成功运，若不好高骛远，顺其自然发展，财利可得，精神亦较安定。
5、家庭：长上有助，夫妻多争执，家内不安，子女能孝敬，。
6、婚姻：男娶温厚固执之妻，婚后不太圆满；女嫁克勤顽固之夫，婚后有争吵。
7、子女：女孩较多，男孩可保留一个，个性温和而聪明，长大后在社会上有所成就。
8、社交：人缘虽有错，但缺乏活动力，有时有狂燥之感，社交能力普通。
9、精神：外表乐观，内心空虚，有苦难言，心中常有不平不满。
10、财运：财利可得，但须防意外损失，天运五行属金时，财源丰富。
11、健康：易患筋骨酸痛、肾疾、流产、妇人病等。
12、老运：老景转入佳境，日趋安定，财源不缺，但精神不甚安定。"
金水火,60,793,804,凶,因长辈或上级帮助得成功发展，但基础不稳。,有长辈意外之助或上司之引进或父祖之余德，而可获得一时之成功发展，但三胜、三败，胜败浮沈特多，难以安稳。且有克妻子，及突发急变凶死之大灾祸危身。,"1、总论：有成功及意外灾害两种灵意，早年得志而成功一时者有之，恐遭他人拖累或意外挫折而陷入困境，但切勿灰心，仍有成功的机会，天运五行属水时，事业能够成功发展，名利双收。
2、为人坦白，易怒易解，言行坚实守信，稍有自大之感，具有天赋的才华，但凡事阻碍多，不易达成愿望，有眼高手低之叹，常有误打误撞而成功者。
3、意志：意志不坚，容易受世俗迷惑，但耐性佳，可以忍耐艰苦，凭努力得到成功。
4、事业：创业多波折，迟迟难达心愿，如意志坚定可成功发展，但常因自己判断错误而失败。
5、家庭：主观好胜，夫妻难和睦，子女亦难依靠，女命者，夫妻较和谐，家庭较为安定。
6、婚姻：男娶固执寡和之妻，婚后夫妻多争执；女嫁聪明才干之夫，婚后家庭大致美满。
7、子女：女孩较多，子女聪明活泼，长大后独立心重，父母意见不和。
8、社交：性格明朗任性，努力进取，好面子而花钱不考虑，常在事后后悔，社交能力平凡。
9、精神：外表乐观，好面子，内心苦闷不安，欲望太高，永远无法感到满足。
10、财运：有财运但不稳定，乃时富时贫之兆。天运五行属土时，一生难有积蓄。
11、健康：易患胃肠、筋骨酸痛、心脏病、肾、膀胱、女子难产等。
12、老运：晚景虽钱财不缺，但精神仍寂寞不安，家庭欠温暖。"
金水土,40,795,806,凶,虽可成功于一时，但易陷于失败。,得长辈或上司之惠助，再加上自身之勤勉，而于中年或壮年可获得相当之发展，但因基础运劣之故，于成功之后，又会有很多次之再成败，生涯多劳，难亨安逸，幸而水在土上，池塘之家，亦顺天然之景故，虽是相克，凶意则微。,"1、总论：创业途中难免遭到一些困难，全能一一克服而成功，常有出人意料之绝招，在令人惊异的情况下，得到名利，天运五行属木时，中年后大展鸿图。
2、性格：为人主观而任性，性格孤高，架子颇大，缺乏服从心，头脑聪明判断力强，处事往往能够误打误中，而得意外成功，令人刮目相看。
3、意志：意志不坚定，思想事业容易变动，耐性不够，处事容易冲动，常有小题大做之倾向。
4、事业：凭著天赋才华和毅力，可创立一番事业，但亲友难得帮助，必须靠自力发展。
5、家庭：虽是有孝心，但言行表现却相反，夫妻多争执，子女意见不和。
6、婚姻：男娶好胜固执之妻，婚后感情不美满；女嫁明朗寡和之夫，婚后时有争吵。
7、子女：子女都有责任感，长大后早做独立打算，往外自力奋斗。
8、社交：固执已见，容易得罪人，一意孤行而缺乏服从心，人际关系稍欠圆满。
9、精神：表面似乎乐观，精神生活常在不安定中，常为人际关系而伤神。
10、财运：经过一番苦劳，财源良好，但有成败一瞬间之灵意，应慎防。
11、健康：易患胃肠、肾虚、妇人病等。
12、老运：晚景可享清福，但精神有孤独不安之感。天运五行属金，晚年失败多灾。"
金水金,90,897,808,吉,得祖辈或上级提拔获得意外成功和发展，基础稳固。惟数理欠佳。,但因基础运劣之故，于成功之后，又会有很多次之再成败，生涯多劳，难亨安基础稳固安然，财源广进，又有父祖之荫益及上司之提拔，易得意外之助力，而可获得大成功，大发展，名利丰收。威权、名望、地位俱皆兴隆宽宏殊胜之配置。,"1、总论：能克服种种困难而成功发展，恐因自己判断错误，而中途陷入困境，宜忍耐，定能化险为夷，得到成功发展，天运五行属水，晚年失败多灾。
2、性格：性格坚忍，度量宽宏，具有容人雅量，为人聪明又机智，有随机应变之能力，判断力特别敏锐，是难得的创业人才，耐心处事定能成功发展。
3、意志：意志坚定，为理想坚忍奋斗，但耐力不足，情绪不稳定，常为小事而动怒。
4、事业：凭您的才华及上进心，一定可以闯出一番事业博得名利，凡事多观察确实而行之。
5、家庭：家内大致和睦相处，得配偶助力，共同创立家业，家运昌隆。
6、婚姻：男娶贤淑持家之妻，婚后和平美满；女嫁才华明理之夫，婚后大致圆满。
7、子女：子女个性较顽强，容易和父母顶嘴，长大后在社会上有所成就，孝敬父母。
8、社交：人缘和社交能力都不错，聪明且反应快，得他人赏识，获得成功发展。
9、精神：表面似乎乐观镇静，精神却常在不安定中，理想过高，心情常有不平不满。
10、财运：财利可得，中年后安然自在，天运五行属水者，晚年失败陷入困境。
11、健康：易患胃肠、肾脏、妇人毛病等。
12、老运：晚景物质不缺，但心情苦闷，天运五行属火时，晚年财源兴旺，事业发展。"
金水水,50,799,800,凶,得祖辈或上级提拔获得意外成功，尤其有异常成功之可能，但大多陷于变动。,承父祖之余德，得长者之栽培，或用人得当，得大成功及发展，原命若喜水木者更佳。若凶数者：成又转败，陷于离乱变动，至晚年终归孤独失败，又早年有落水灾遇，生涯九死一生之命格。又须戒色，以防色变及刀杀之危。,"1、总论：表面似乎可以成功，但一生多灾难与挫折，常在烦恼中度日，呈现不安之现象。有早期成功一时者，但若不知持盈保泰，终究陷入失败的命运。
2、性格：性格容忍而明朗，机智聪明且判断力强，快人快语人缘好，眼高手低，精神生活常在不安定中，天运五行属于土者，早年有灾厄，中年后可成功发展，一展自己抱负。
3、意志：意志尚称坚定，能忍受艰苦及困难折磨，常有意外绝招而成功发展者。
4、事业：在苦劳中创立一番事业，成功时若能退守可保无忧，如继续拓展，恐有失败之虞。
5、家庭：家庭有不安现象，夫妻常有争吵。
6、婚姻：男娶好胜持家之妻，婚后多争执；女嫁仁慈才干之夫，婚后大致圆满。
7、子女：女孩较多，子女个性较孤独，与父母感情不很亲密，身体有虚弱之倾向。
8、社交：为人坦白，快人快语，具有容人之心，善于舌战辩论，社交能力和人缘还算不错。
9、精神：外表乐观，内则空虚，精神生活不安定，为家庭多劳苦。
10、财运：财运不稳，贫富难分，有因判断错误而失去财产者。
11、健康：易患肝胆机能、胃寒、风湿痛、妇人毛病。
12、老运：晚景似乎孤独不安，身体病弱。天运五行属土时，可享清闲之福。"
水木木,95,911,022,吉,得上级提拔获得成功和发展，基础稳固，心身健全，繁荣昌隆，幸福长寿。,基础安泰，长辈惠助，排除万难，而顺利成功及发展，繁荣隆昌，人缘殊胜，利荫六亲。,"1、总论：可得长辈的惠助，得意外发展，早期成功之兆，稍有依赖心之嫌，宜培养自立创业能力，免得陷入困境时而束手无策。天运五行属土时，中年后陷入失败的困境。
2、性格：个性外柔内刚，做事勤勉且善于计划，为人主观不屈人下，有长者风范，在社会上有良好的名声信用。天运五行属水时，一生富贵之命，但天运五行属土或金者，不宜使用此配置。
3、意志：意志坚定，不易受世俗迷惑，按部就班，步步高升，得到成功发展。
4、事业：受到贵人或和长上的帮助与提拔，成功运来得早，事业运顺利。
5、家庭：父母有荫，家庭和睦，子女孝顺，一生应当幸福。
6、婚姻：男娶贤淑固执之妻，婚后尚称圆满；女嫁温和寡和之夫，婚后时有争吵。
7、子女：男孩多于女孩，聪明且孝顺，长大后能在社会上获得成功，家运兴隆。
8、社交：为人慈祥、有原则，行事稳重可靠，甚得人心，社交能力和外缘具佳，但有受亲友拖累而损才之象。
9、精神：运境欣欣向荣，精神愉快无忧。
10、财运：贵人明显，财运尚称如意，天运五行属水时，定为天下一富翁。
11、健康：易患胃肠、血管之疾。
12、老运：晚景吉祥，生活无忧，身心愉快，家庭和乐融融。"
水木火,65,913,024,平,有成功运和发展运，但易生意外，惟因数理特吉，固可得平安。,可得平安荣华之幸运，及能受父祖余德或财力所荫益，达到成功与大发展，但其过程伏有许多艰难，最怕人格与地格若凶数，终归失败，若无凶数，则可免忧。,"1、总论：辛勤劳苦收获有限，常在忧愁中度日，依努力程度得到相当的回报，风光一时者有之，但有不知何故而陷入灾难、困扰之灵意，晚景稍平安，天运五行属水者，一生平步青云，可一展抱负。
2、性格：为人努力不懈，凡事都先安排，经过计划慎重进行，外表平静而内心不屈。大都有猜疑心，表里不一，假仁慈之人。
3、意志：意志坚定，注重实际与工作，耐性也佳，可以忍受艰苦，但自己满怀信心，容易陷入一意孤行。
4、事业：有进取心，对家庭责任感很重，一生辛勤奋发，靠努力发展，中途有意外损失。
5、家庭：家庭有不测之灾而陷入不幸之兆，夫妻感情尚称圆满。
6、婚姻：男娶克勤克俭之妻，婚后中途有变化之灵意；女嫁温和才干之夫，婚后和睦但不能白头偕老。
7、子女：男孩多于女孩，健康活泼，长大能成功发展，在社会上一展抱负。
8、社交：人缘不错，社交平凡，喜好安静，厌弃烦难，要求身边的人也较高。
9、精神：心多烦闷，精神生活常在不安定中，有因意外变化而陷入精神劳苦者。
10、财运：依努力可得到相等的财利，天运五行属水时，一生财源甚兴，属金则贫困不安。
11、健康：易患神经衰弱，筋骨酸痛等症。
12、老运：晚景渐入佳境，但精神不安宁，天运五行属水，晚年可得成功之兆。"
水木土,98,915,026,吉,得上级提拔获得成功和发展，基础稳固，心身健全，繁荣昌隆，幸福长寿。,基础运乃木在上而土在下，顺应天地自然之配置（不作木土相克论），犹若立于盘石之上，相得益彰而毫无凶变，境遇安全而顺利之安泰成功，并隆昌发达。,"1、总论：有成功发展之配置，经过一番辛勤努力，不断地充实自己，做事都有计划，可以积极向外发展，必能在社会上有所作为，得到成功发展。但天运五行属水者，略欠一筹。
2、性格：为人仁慈，喜欢帮助他人，有进取心，对家庭有责任感，一生辛勤奋发，但处事较主观固执，容易陷入一意孤行，这一点应改进。
3、意志：意志不够坚定，容易被甜言美语所惑，耐性不佳，做事容易冲动，常为小事而动怒。
4、事业：事业运良好，大多辛勤奋斗，脚踏实地而在社会上获得成功，名利可得。
5、家庭：家庭、夫妻尚称和睦，子女亦都乖巧孝顺。
6、婚姻：男娶贤淑持家之妻，婚后欣欣向荣；女嫁温厚才干之夫，婚后家庭圆满。
7、子女：子女聪明有责任感，长大后在社会上能成功发展，共同创造家业。
8、社交：社交能力及外缘皆如意，可在社会上一展抱负，担任主管或自己当老板，可受到支持与爱护。
9、精神：外表乐观，内心多操劳，但精神尚称安稳，天运五行属木时，一生快乐无忧。
10、财运：奋斗有成，财源逐渐而来，后运财运甚丰。但天运五行属水时，略欠一筹。
11、健康：身心健康，有胃肠方面之毛病。
12、老运：晚景安泰无忧，安祥吉庆之运，家境繁荣。但天运五行属水者，要注意积谷防饥，以防陷入困境。"
水木金,60,917,028,凶,虽可获得发展，成功运佳，但家境不稳，易生变动，心身过劳。,虽可获得成功及发展于一时，亨受富贵于短暂，但因基础运劣，以致境遇不稳，若忍耐力不够，恐遭难受伤或伤人，且财利易生凶变，终再失败，且有因他人之连累以致破财及受到武器之迫害杀伤流血之虑。,"1、总论：创业途中难免遭受一些挫折和考验，且容易受到亲友的拖累，而影响事业的发展。
2、性格：心性柔和仁慈，乐于帮助别人，理想高远而不能得到别人的帮助，恐陷入孤单奋斗，心情郁闷，但切莫意气用事，财神自会与您结缘。
3、意志：意志不够坚定，思想计划易变，做事又容易行动，花钱有浪费倾向。
4、事业：早年事业多波折，有耐心及信心，中年后自可稳定发展，安祥吉庆之运。
5、家庭：父母疼爱，为家庭多操劳，妻子个性顽强，带来不少困扰。
6、婚姻：男娶好胜持家之妻，婚后为家庭劳累；女嫁温厚才干之夫。
7、子女：男孩较多，个性顽固，与父母意见不和，慎防流于问题少年。
8、社交：待人和蔼，但过于相信自己能力，容易陷入一意孤行。人缘不错，社交平凡。
9、精神：表面坚忍，但一生劳碌，内心多苦劳，精神不开朗，忍则安。
10、财运：有财运但不稳定，有时好时坏之灵意，慎防亲友牵累而陷入困境。
11、健康：易患肝炎、肾病、外伤或杀伤流血、脚疾。
12、老运：终能克服人生难关，晚景生活安定无忧，天运五行属木者，将陷入困境。"
水木水,50,919,020,凶,虽可顺利成功发展，但多发生困难，有变动之虑。,青年期甚劳苦，因勤奋求上进而在中年末，虽可很顺利成功并发展隆昌长久。但人、地格，有凶数者：在晚年或许会再产生艰难、困苦、劳心，甚至遭致失败之忧。此三才局，若数理无凶，即无病，有病吃药便可速愈。,"1、总论：成败难分的配置，有一时的成功顺调，但因判断错误或亲友之累而陷入困境，财务受损，如能再发挥您的才智和毅力，克服难关，仍可挽回信用和名誉。
2、性格：聪明才华，有计划头脑，行事稳重可靠，注重实际与工作，对自己信心十足，容易陷入一意孤行，碰到困难则自己承担苦劳及精神打击。
3、意志：意志坚定，有主见，有耐心，不怕艰苦，一生辛勤奋发，成功有望。
4、事业：会有一时的成功发展，然不可大意误事，或重仁义为他人牵累而陷入困难者有之。
5、家庭：父母疼爱，夫妻不睦，子女孝顺，容易受到感情上的创伤。
6、婚姻：男娶好强勤劳之妻，婚后多争执；女嫁顽固才华之夫，婚后大致圆满。
7、子女：男孩多于女孩，个性比较孤独，长大后都能孝顺父母，得到成功发展。
8、社交：为人仁慈，待人谦虚有礼，人缘不错，但人际关系稍欠圆满，容易卷入是非，遭受损失。
9、精神：外表似乎乐观，但内心却有苦说不出，心情欠开朗，感表较脆弱，容易受到打击。
10、财运：辛勤劳苦有收获，财利可得，天运五行属土时，中年后事业蓬勃发展。
11、健康：易患胃肠、神经衰弱、风湿症、筋骨酸痛等症。
12、老运：终生辛勤劳碌收获不多，晚景心情不开朗。天运五行属火者，晚年逢灾受困。"
水火木,40,031,042,凶,成功运被压抑，不易成功，易发生变化。,境遇坚固安泰，有下属之助力，地位、财产均安全，以木解消水火之相克，致成功，但若人地格有凶数，于成功后，难以伸展，且有突发之灾祸、遭难等之虑，更容易发生因爱情上而产生之不测灾难、凶变等。,"1、总论：性急而主动，一生辛勤劳碌，可博得暂时性的成功，无奈中途有灾难，而造成不幸，但且勿自暴自弃，中年后还有成功机会，挽回信誉和事业。慎防意外灾厄及外伤。
2、性格：待人热心而性急，做事短虑容易受挫折，内外是非多，而有为他人所累之倾向，应培养耐力及精神修养，创造中年后的成功为要。
3、意志：意志坚定，不甘屈居人下，为人努力但耐力不足，处事容易冲动，常一发不可收拾。
4、事业：靠自力坚苦奋斗搏得一时成功，中途受挫折，有中年后再发展之灵意。
5、家庭：男命则家庭大体圆满，但夫妻有争吵。女命则家庭不睦，夫妻多争执，有婚姻危机。
6、婚姻：男娶克勤克俭之妻，婚后意见不和；女嫁顽固寡和之夫，婚后欠和睦。
7、子女：子女皆聪明孝顺，长大后在社会上有所成就。
8、社交：个性急躁，有一发不可收拾之感，但待人尚诚恳，人缘难好，人际关系则不甚圆满。
9、精神：表面似乎乐观坚强，内心则多苦闷，心情欠开朗，常受精神上及感情上的打击。
10、财运：操劳中得财，时贫时富不稳定，慎防意外损失。天运五行属金时，财利较佳。
11、健康：外强内虚，易患脑疾、心脏病、急灾外伤等。天运五行属水时，中年前有生命危险。
12、老运：终身苦劳，晚景难安，是非缠身，身体病灾。天运五行属金，可逢凶化吉。"
水火火,40,933,044,凶,成功运被压抑，不易成功，易发生变化。,一时之盛运，如昙花一现而已，短暂而缺乏耐久力，容易树敌惹祸而自陷于孤立苦斗，成功运甚劣，多成多败，纵使成功，旋即再败，不能有所伸展，且有火灾、水灾等凶变急祸，诸不测之灾惨，以伤人或自危或丧失配偶，或短命夭寿之凶配置也。如果人格或地格其一：出现23数或14数尤糟，不能免于色危厄致惨之运。,"1、总论：中年前多灾多难，事业难有成就，容易遭意外之灾病与打击，常在苦闷中度日，应多忍耐防范，中晚年可成功发展。天运五行属水者，早年有生命垂危之兆。
2、性格：做事冲动而积极，常因欠考虑而一发不可收拾，待人热心积极，常为他人所累，早年辛勤劳苦而收获少，应多注重精神上的修养，等待良运的来临。
3、意志：意志不够坚定，情绪亦不稳定，但有耐心，能忍受失败的打击及困苦的折磨。
4、事业：六亲无助，平生多劳苦、辛勤而收获少，中年后较有成功运及财利。
5、家庭：父母无阴，兄弟难助，夫妻多争执。女命者，慎防婚姻危机。
6、婚姻：男娶唠叨寡和之妻，婚后难和睦；女嫁好胜鲁莽之夫，慎防婚姻危机仳离。
7、子女：子女聪明活泼，稍嫌过于顽皮或身体有健康问题，增加不少麻烦。
8、社交：性急好酒色，容易和别人发生纠纷是非之事，宜涵养忍让之美德。
9、精神：劳苦烦闷自愁，内外不安，精神不安定，心情不开朗。
10、财运：早年财运不佳，物质生活缺乏，中年后可稍转好，但仍不稳定。
11、健康：易患脑疾、心脏病、肝胆、精神分裂症及意外急变灾病。
12、老运：一生辛勤劳碌，晚景稍呈吉祥，物质生活亦转佳，天运五行属水者，早年能逢凶化吉，老来财利尚丰。"
水火土,40,935,046,凶,成功运被压抑，难以伸张，多有不平不满，易发生变化。,基础运坚实而可成功于一时，但因成功运被抑压以致不能有所伸展，生涯殊多艰难、不幸、不满、哀怨，中年后又有突发急变之不测灾祸而危及生命之虑。,"1、总论：辛勤劳苦而收获少，心情常在苦闷中，做事冲动而积极，成功失败常在一瞬间，如能涵养忍耐力，中年后可成功发展，慎防意外灾病。天运五行属木者，事业能成功发展。
2、性格：表面乐观豪爽，喜出风头爱面子，乐于解决别人的困难，不耐独处，容易和异性接近，内心烦闷不安，一心想自当老板，容易造成不平不满的人生过程。
3、意志：意志坚定，而独断独行，但耐心不足，做事有虎头蛇尾之倾向，常有误打误撞而获财利者。
4、事业：适合投机性或爆发性的行业，常有出人意料的绝招，得到名利和地位。
5、家庭：男命者家庭大致圆满，应注意桃花的后果，女命者则夫妻多争执，家庭难和睦。
6、婚姻：男娶温厚贤惠之妻，婚后夫妻大致和睦；女嫁好胜好强之夫，婚后家庭不美满。
7、子女：子女谦恭又有责任感，长大后在社会上能成功发展。
8、社交：外表乐观又喜出风头，做事急躁，在社会上能得朋友之助，社交能力佳。
9、精神：表面坚忍，一生辛苦劳碌，心情不开朗。
10、财运：早年劳苦，中年后得财，财运尚佳，天运五行属木者大成功，属水者常受失败打击。
11、健康：易患头痛、脑疾、呼吸系统、高血压、神经痛等。
12、老运：晚景转佳运，但仍性急固执，心神忧烦，天运五行属木火，晚景安然无忧。"
水火金,40,937,048,凶,成功运被压抑，不易成功，基础不稳，以致过劳。,至劣之三才配置，决不能成功，亦不能伸展，常受上司压追又屡受下属陷害，很不安定，内外不和，进退两难，身心过劳，作事极端偏激招灾遭难变死或发狂伤人或失配偶、丧子等之兆。,"1、总论：一生颇多意外的灾害与打击，费尽心力而难得成功，做事应涵养耐心，中年后有成功发展的机会，财利可得，天运五行属木时中年前就可成功，中年后财源广进，老年有灾。
2、性格：个性急躁，主观意识强，容易陷于一意孤行而遭受失败的打击。有时好出风头又容易因判断错误而带来财务上的损失，应多改进。
3、意志：意志不坚定，常有投机或发横才之心理，耐性不佳，处事容易冲动，但常有误打误撞而成功者。
4、事业：经过长期的奋斗，遭受到许多劳苦与挫折，如能忍耐自有所成就，财利可得。
5、家庭：父母无荫，六亲无靠，夫妻不和睦，孤独之兆，女命者有婚姻危机。
6、婚姻：男娶固执寡和之妻，婚后不美满；女嫁好胜好强之夫，婚后常争执。
7、子女：子女个性顽强，比较容易和父母顶嘴，长大后与父母意见不和，注意流于问题少年。
8、社交：人缘虽好，但社交运不佳，容易接近异性，又容易和别人发生是非纠纷之事。
9、精神：外表看似乐观，内心却多争多劳，无论物质好坏，心情总是苦闷难安。
10、财运：虽有财运但不稳定，且有花钱浪费的倾向，应节制以保晚年。
11、健康：易患呼吸系统，精神过劳，腰骨酸痛、心脏病、脑疾或头痛、妇人病或难产。
12、老运：晚景转入佳运，物质不缺，但家内有孤独之兆，精神欠开朗。"
水火水,30,939,040,凶,极凶的配置，难以成功，易发生变化。,极凶之三才配置，百般阻碍与迫害殊多，无形之心病甚重，永不能成功，亦不能伸展，而且生涯绝对的不安定，大不祥，大灾遇，有意外不测之急祸凶变而丧失生命或财产，死神常在其身边，有的变成发狂、杀人或被杀、变死等。,"1、总论：运途多变，一生中遭到很多的灾害与打击，为家庭劳苦受累，若能逃过灾难，中晚年财源丰盛，事业成功，名利可得。天运五行属土时更佳。
2、性格：为人性急率直，好胜不认输，待人热心积极而常为他人累，如能依赖自己的热忱决心，终能得到应有的报酬，一展自己的抱负。
3、意志：意志不坚定，思想容易脱离现实，但有相当耐心，不怕失败的打击，时机一到可成大事之象。
4、事业：在多变不安的环境中接受考验，如能以不屈不挠的精神贯彻到底，事业可成功发展，物质丰富。
5、家庭：夫妻不睦，应多涵养忍让之心，免造成婚姻危机，子女亦不受教。
6、婚姻：男女皆得好胜顽固之配偶，婚后多争执，容易受到感情上的打击。
7、子女：子女个性较孤独顽固，身体状况亦较差，长大后与父母意见不和。
8、社交：为人豪爽慷慨，性急主动，社交能力及人缘颇佳，防意外损失及被拖累而陷入困境。
9、精神：好面子，外表看似乐观，内心急进苦劳，常为家内问题伤神，精神不开朗。
10、财运：财运佳，但须经过一番考验方能得到，有意外失败之灵意，要慎防。
11、健康：易患呼吸系统、脑疾、心脏病、妇人病及意外失败急灾病难。
12、老运：老景难裕，但精神仍苦劳不安，天运五行属火时，晚年失败又逢灾。"
水土木,40,951,062,凶,成功运被压抑，困难障碍殊多，境遇不安。,木在下而土在上：与自然状态颠倒便是凶，此谓（木克土）矣，基础运劣，境遇不安定，以致变死或移动，仍是障害多端，困难及苦楚殊多，成功困难，无法发展，失意一世，遭崩物伤或意外不测灾危以致短寿变死。,"1、总论：命运不佳，思想脱离现实，做事又缺乏果断力，不能得到别人的支持，靠孤军奋斗，一意孤行而遭受失败的打击，宜守为安。
2、性格：表面似乎信实，其实缺乏服从心，态度傲慢，好虚荣，有眼高手低之倾向，一生颇多意外的灾害与困顿，宜小心预防，忍耐行事可减忧，好高骛远只有徒争烦恼。
3、意志：意志不坚定，缺乏果断力，造成多败不安的现象。
4、事业：事业难稳定，成功发展机会不多，应注重精神修养，从事单纯性的工作，可减少失败的打击。
5、家庭：六亲缘薄又无助，夫妻不睦，子女顽固，家庭运不佳。
6、婚姻：男娶好胜寡和之妻，婚后多争执；女嫁无果断力之夫，婚后难圆满，多争吵之象。
7、子女：子女聪明顽固，长大后独立心强，与父母意见不和，。
8、社交：现实的社会，交友仍须论成就与否，社会本来就是现实的，注重精神修养才是上策。
9、精神：事事难如愿，精神苦闷不安，应注重精神修养，寻求精神寄托。
10、财运：财运不佳，找个领薪水的工作度日可减少精神疲劳，或经营小本生意亦可。
11、健康：易患脑神经衰弱、胃肠、精神分裂症等及妇人病。
12、老运：一生操劳但功少，晚景仍不安，精神生活及物质生活都欠佳。"
水土火,55,953,064,凶,成功运虽发达，但困苦多难，境遇多艰。,基础安定，能逃灾害，排除障碍而达到成功。不过却因成功运不吉，不能再伸展。不能将天赋才能以完全发展，使其成就与精华俱皆受到打折，殊为可惜，又须深戒提防色难之忧。若人格或地格数理凶，则有病，导致头脑神经症或心脏病。,"1、总论：一生运途较劳碌，常在忧愁中度日，事业上多挫折，如从事较单纯或小资本生意，求安定性之生活，可减少创业损失，天运五行属土时，中年后可成功一时。
2、性格：表面温和待人有礼，但内心好胜刚强，好面子又缺乏服从心，有眼高手低的倾向，容易放弃好机会而无法把握住，亦有受人牵累损财之灵意。
3、意志：意志坚定，不易受世俗迷惑，也有相当耐心，不怕失败的打击，在辛勤劳苦中度日。
4、事业：若不好高骛远，做个薪水阶级或从事足够养家活口的行业可顺利，贪得则有害。
5、家庭：父母少，夫妻圆满，子女孝顺。女命者夫妻多争执，家内不安定。
6、婚姻：男娶贤淑克勤之妻，婚后恐因应酬问题而争吵；女嫁无果断力之夫，婚后家庭不和睦。
7、子女：子女健康活泼，稍嫌顽皮些，但长大后在社会上有所成就，帮父母分忧解劳。
8、社交：人缘和社交运皆佳，个性好胜不屈，容易引起别人误解，又有受骗而散财之兆。
9、精神：外表乐观，内心却不平不满，又容易受到精神上的打击，心情不开朗。
10、财运：财运不佳，宜守不宜攻，勤俭持家能保无忧，好高骛远恐有劳民伤财之虑。
11、健康：易患胃肠、头或脑部、肾部之症。
12、老运：终生操劳，收获不多，晚景烦闷，注重精神上的修养，心情才能快乐。"
水土土,40,955,066,凶,向上发展障碍殊多，常有困难苦闷。,境遇安定，平顺幸福，能排除困难，广得人助，而得到名利双收之大成功，生活安逸，可惜因成功运不理想，是以向上伸展产生障碍多端，只能维持原有旧日之成就现状而已。此三才局：人格地格之数理若无凶，则健康，无病，快乐的。,"1、总论：运途不佳，费心费力而无所成，中年或许有一时的成功，但因耐力不足，运途不济而又陷入困境，亦有遭人牵累之意。天运五行属火时，一生转为安宁。
2、性格：心情常有不平不满，好出风头又缺乏服从心，主观意识过强，常因一意孤行而遭失败的打击，守其和平，免被卷入是非中平白遭受损失。
3、意志：意志不够坚定，思想容易受动摇，耐力亦不足，做事有虎头蛇尾的倾向，须培养定力。
4、事业：如果在稳定中谨慎求发展，尚可平安无事，如操之过急或好高骛远，必遭失败厄运。
5、家庭：六亲缘薄，妻子有助但意见不和。女命者，夫妻多争吵，又有婚姻危机的可能。
6、婚姻：男娶克勤固执之妻，婚后不太和睦；女嫁懦弱寡和之夫，婚后不美满。
7、子女：子女聪明温厚，长大后能孝顺父母，在社会上也能发展，一展自己的抱负。
8、社交：讲话好出风头，又不认输，容易得罪人，社交能力不佳，容易错过好机会，亲友多是非。
9、精神：事事难如愿，内心多烦，心情欠开朗，注重家庭和谐，精神较愉快。
10、财运：财运不佳，如有一时成功，宜守为安，切勿投机取巧或好高骛远，可减少财务损失。
11、健康：易患胃肠、肾、脑部等疾。
12、老运：一生多劳苦，晚景心情仍忧烦，但境遇尚安定，天运属火时，物质不缺，属水则有灾。"
水土金,40,957,068,凶,成功运不佳，颇为消极，不易达到目的，或身心过劳。,基础运佳，故而可以安定发展，排除万难而成功，但因成功运不吉，是以难于再伸展，或陷于不测之灾难袭来之虑，若无凶数则可免忧，亦可康健无病。,"1、总论：有志难伸之家，虽有责任心，但辛勤劳苦而收获不多，常在忧愁中过日，亦有为亲友牵累之意，保守行事则少忧。天运五行属火时，中年前及晚年有发展良机。
2、性格：凡事守本份，做事过于仔细欠缺决断力，有眼高手低之倾向，不耐吃苦繁重的工作，缺乏服从心，易生不平不满，虽有成人之美德，结果不能得到回报，甚或引起麻烦之事。
3、意志：意志坚定，但耐心不够，做事有虎头蛇尾的倾向，要培养果断力，才能成功。
4、事业：适于薪水阶级或从事稳定性小本生意，如有好高骛远之企图，只会招来无谓的损失。
5、家庭：六亲缘薄，夫妻尚圆满，子女孝顺。
6、婚姻：男娶端庄内强之妻，婚后尚称圆满；女嫁无主张性之夫，婚后意见不和。
7、子女：男孩多于女孩，个性稍顽强，长大后能有成就。
8、社交：有做人难的感叹，诚心待人终是多累，交际不甚如意，宜守为安。
9、精神：消极的作风，内心多烦，心情欠开朗。
10、财运：财运不佳，宜预防意外损失。
11、健康：易患脑神经衰弱、胃肠、筋骨酸痛。
12、老运：晚景虽无显著进展，精神可较安定。"
水土水,40,959,060,凶,不易向上发展，困难障碍殊多，基础不稳。,三才配置极劣，基础不稳，凶运交加袭来，而又不能向上发展，生涯绝对不安定，被人所弃变为孤独、无赖、遭难、病死等兆，又有不测之凶变灾祸危身或变死之虑，易遭坠物所伤或趺落之灾。,"1、总论：经过许多艰苦、意外挫折与灾难之象，如能逃过灾厄，中年后有成功发展的好机会，名利可得。天运五行属土，晚年财运丰富。
2、性格：您的主观意识较重，又缺少服从心，不甘屈居人下，有好面子与虚荣心之倾向，招来许多困苦与打击，应注重精神修养方能有所作为。
3、意志：意志不够坚定，思想及事业多变化，但有相当耐心，不怕失败的打击，亦能忍受劳苦的生活。
4、事业：您的事业必须经过长期的考验才能成功，如果中途自暴自弃，必将自毁前程。
5、家庭：靠自力更生，夫妻子女亦难圆满，家庭缺乏温暖，且有不安之象。
6、婚姻：男娶不平不满之妻，婚后不和睦；女嫁懦弱寡和之夫，婚后多争执。
7、子女：子女个性较孤独，身体状况亦较差，长大虽能成就，但独立心较重。
8、社交：社交能力及人缘还算不错，但不可太牵就面子问题，而招来财务损失。
9、精神：无论物质生活好坏，因家庭不安，精神常在不安中，心情欠开朗。
10、财运：早年财运不佳，中年后财利可得。天运五行属土，亦有大富翁之象。
11、健康：易患胃肠、筋骨酸痛、肾胆、膀胱、妇人毛病、白带症等。
12、老运：晚景物质生活无缺，但缺乏天伦之乐，精神仍不安定，天运属火，晚年有灾。"
水金木,55,971,082,凶,虽可获得发展，但因基础不稳，常有变动。,虽可顺利成功发展如意，但因基础运不安定之故，常有变动之凶，浮沈多端，风波不息，易变成克妻子或遭难外伤、流血等厄之虑。,"1、总论：或许有一时成功之配置，但主观意识达强，容易一意孤行而遭受失败的打击，多劳而少得，心情多苦闷，容易碰到突然而来的挫折，留下痛苦的回忆。
2、性格：性格独立而早熟，倾于主观而好胜，容易为小事而发怒，自作主张，不与人妥协，成长期易流于问题少年，或受人之累而卷入法律纠纷，易受亲友牵累而损财。
3、意志：意志不够坚定，已经决定的事情，容易考虑再三，朝令夕改而无法定案。
4、事业：如有一时的成功应该满足，宜退守为安，若好高骛远，只有徒增损失与苦闷。
5、家庭：六亲无助，靠孤军奋斗，夫妻不和睦，子女又反感，慎防婚姻危机。
6、婚姻：男娶意志不坚之妻，婚后多争执；女嫁好胜寡和之夫，婚后难圆满。
7、子女：子女虽聪明，但独立心很强，长大后独立心很重，早作离家生活打算。
8、社交：为人主观而好胜，爱幻想而不重实际，不善交际，易受亲友误解，应改进。
9、精神：困难颇多，家内不和，精神难安，心情多苦闷。
10、财运：财运不佳，宜预防被拖累或意外损失，并应避免浪费以保晚年。
11、健康：易患呼吸系统、神经衰弱、脚疾、肾亏、妇人毛病、白带症、难产等。
12、老运：晚景稍平静，但仍非佳运，一生多操劳不安，家运衰微之象。"
水金火,40,973,084,凶,虽有成功运，但其基础不稳，易发生变化。,虽因勤奋争进而有成功运，达成目的，但因基础运不稳，常会再陷于不安定之境遇，而多成多败，易受人迫害，且终因过劳而招致肺疾或遭难、凶变等。,"1、总论：或许有一时的成功，但不实际，有超过自已的能力或财力的企图，易陷于意外挫折与灾难之象。以致劳苦而无所成，受人拖累或事业多变化的灵意。
2、性格：有企划头脑及活动力，但主观意识过强，常有与身份不相应之言行，会因自己的判断错误而失败，应谨慎行事，以免劳民伤财。
3、意志：意志不坚定，事业多变化，但有相当耐心，不怕失败的打击，一生尚能忍受困苦的日子。
4、事业：如能按部就班步步为营，可以一展自己的抱负，做事若不量力而为，会劳而无功增加苦闷。
5、家庭：父母缘薄，夫妻多争，子女难靠，女命者，夫妻较能和睦相处。
6、婚姻：男娶外柔内刚之妻，婚后不甚和睦；女嫁谦和才干之夫，婚后尚称圆满，。
7、子女：子女聪明活泼，稍嫌顽皮，长大后在社会上有所发展，但对父母有不敬之举。
8、社交：人缘及交际能力不错，有桃花运的倾向，婚后常因应酬太多导致夫妻发生冲突。
9、精神：外表乐观，家庭不和，内有空虚又有财务困难，心情苦闷难安。
10、财运：财运不佳，应多节俭并避免意外损失，持盈保泰，未雨绸缪可减少痛苦。
11、健康：易患呼吸系统、脑疾、筋骨病症、妇人毛病等。
12、老运：终生劳苦，事事不如意，晚景孤独，精神不安定，又有意外灾难。"
水金土,98,975,086,吉,顺利成功，易达目的，基础平稳，心身健全，可得长寿幸福。,学竟有成，凡事如意，顺利成功，达成目的，名利双收，境遇安固，优越发展，享尽幸福。,"1、总论：虽有聪明才智及坚强的意志，有创业及突破艰难之才华与魄力，大致事业可成，名利可得，唯财源不断而陷入困境，抑郁不得发展，有处伤之兆。天运属火时，中年前后逢灾、失败。
2、性格：性格倾向于主观好胜，努力肯上进，忍耐力特别强的意志，能克服种种困难，可说是天生的领导人才，大都在中年前就能在社会上建立良好的形象，但自创事业是很难成功的。
3、意志：意志坚定，独断专行，但耐心不够，处事容易冲动，常有与身份不相应之企图。
4、事业：若不好高骛远，小成就是没有问题的，但理想过高会呈现多败不安的现象。
5、家庭：父母无荫，亲友难靠，大致圆满，但夫妻有争吵现象，子女尚称孝顺。
6、婚姻：男娶贤淑持家之妻，婚后大体幸福；女嫁贤能才干之夫，婚后时有争吵。
7、子女：子女皆温厚聪明有责任感，长大后在社会上有所成就，能与父母共同持家。
8、社交：人缘不错，但性急而口齿伶俐，常在不知不觉中刺伤别人而引起反感，人际关系稍欠圆满。
9、精神：中年前精神较愉快，中年后心情欠开朗，又因事业不顺以及财务问题而苦闷不堪。
10、财运：财运不佳，只能求稳定性收入，切勿盲目投资而损失财力，导致身败名裂。
11、健康：易患脑神经衰弱、呼吸系统疾病。
12、老运：一生费尽心力而收获不多，精神生活及物质生活皆不佳，晚景心神不安。"
水金金,60,977,088,平,成功运佳，得以发展，惟有固执倾向，易生不和争论，招致非难。,勤苦竟成之吉兆无疑，勤勉上进，坚志如铁，个性顽刚，不肯屈服，具有深厚实力之才华，凭以创造锦绣而辉煌之前程，博得功成名就，并得到很大伸展，但唯憾的是与人不大融洽。,"1、总论：聪明才智高，忍耐力特别坚强，不怕失败的打击，勤苦奋发事业有成，但含有被人牵累或自己判断错误而失败的灵感，应谨慎注意。天运五行属金，中年有成功良机。
2、性格：外柔而内刚，主观意识很强，博学多能，记忆力特别良好，虽然天性喜助他人，但缺少容人之雅量，恩怨过于分明，常在不知不觉中得罪他人，应改进。
3、意志：意志坚定，但计划欠周详，处一容易冲动。
4、事业：靠自己创业，早年有成，在成功后应建立良好的管理及财务制度，免得在迷迷糊糊中遭到失败的打击。
5、家庭：家庭气氛不融洽，夫妻有争吵现象，子女独立心强。
6、婚姻：男娶好胜寡和之妻，婚后多争执；女嫁无果断力之夫，婚后不甚圆满。
7、子女：男孩多于女孩，个性较顽皮，比较容易和父母顶嘴，注意成长期沦为问题少年。
8、社交：人缘社交皆吉，外表乐观，内则空虚，无耐久性，且有桃花运倾向，容易卷入是非中。
9、精神：表面坚强乐观，其实内心苦闷不安，若有知足而不好高骛远，可保心情愉快。
10、财运：财运良好，但需注意被牵累或因判断错误而陷入失败困境。
11、健康：中年后易得风湿痛或筋骨酸痛。
12、老运：晚景安然无忧，吉庆安宁，但天运属木时，晚年逢灾失败。"
水金水,50,979,080,凶,有成功发展的运气，但基础不稳，有没落背运之虑。,基础运及成功运皆佳，且身心健全，而可稳达成功发展成富或扬名美誉。若地格凶数则成又转败，且遭溺水或水灾之损。,"1、总论：对家庭有责任心，但辛勤劳苦收获不多，理想高远而不能得到别人的支持，容易受到意外的灾害损失，宜退守为安，天运五行属土时，少年之灾，中晚年有成功机会。
2、性格：自尊心过强，不愿向别人低头，自视过高，做人守原则不贪不取，性急而口齿伶俐，常在不知不觉中刺伤别人而引起反感。
3、意志：意志坚定，也有相当忍耐性，容易一意孤行，养成专断的个性，应力图改进修身养性。
4、事业：事业运不稳定，多劳少得，若有一时的成功，宜守不宜攻以持盈保泰。
5、家庭：六亲缘薄靠自力奋斗，为家庭多操劳，家庭欠温暖。
6、婚姻：男娶温良寡和之妻，婚后夫妻多争执；女嫁谦和才干之夫，婚后家庭少温暖。
7、子女：男孩多于女孩，子女个性较为孤独，长大后尚能为家庭而奋斗。
8、社交：好胜心较强，不愿受到别人的牵制，喜欢一意孤行，容易树立敌人，社交不圆满，。
9、精神：表面平静，内则不安，内心苦闷，事业不顺，心情欠开朗。
10、财运：财运不佳劳多利少，应避免意外损失或牵累，凡事三思而行。
11、健康：易患风湿症或筋骨酸痛、外伤等。
12、老运：一生辛劳，晚景不安事业多挫折，家庭有孤独之兆。"
水水木,50,991,002,凶,有异常成功，境遇安稳，但大多陷于放荡或我行我素，易生变化。,基础运佳，境遇安全，而可顺利成功，成功运也不错，因之亦可向上伸展发达，人格凶数，陷于行为不修，品性不端，恐过于放荡不羁之境，易生破乱变动或荒亡流败之虑，请好自为之，而得免于损折自福。若无凶数便无灾祸之忧。,"1、总论：人格部或总格部若为29、39划时，天资聪明，反应灵敏，事业往往能够误打误中而成功发展。但人格部或总格部为9、19、49时，做事一意孤行，多才多艺，但经过的困难较多，中年后可成功。
2、性格：具有天赋的才华，性格主观而任性，过于信任自己，判断力特别敏锐，想像力丰富，对于哲学或技术方面有很好的天份，容易达到功名成就，发展自己的抱负。
3、意志：意志坚定，但凡事过于理想化，一生勤勉，具有坚强的毅力，定能成功发展，名利双收。
4、事业：如从事技术或哲学方面的工作可得到发展，其他行业只要谨慎行事亦可成功，切忌大意、自大。
5、家庭：如能改进任性的性格，家庭可得圆满。女命者，夫妻有争执现象，喜欢掌理家中大权。
6、婚姻：男娶贤淑之妻，婚后大致幸福；女嫁寡和之夫，婚后常有争执。
7、子女：男孩多于女孩，聪明活泼，长大后在社会上有所成就，能共创家业。
8、社交：待人坦诚易怒，守信且乐天助人，外缘及交际能力皆佳，无论从事任何行业都能得到支持。
9、精神：物质生活再好，终因理想过于高远，而使精神生活常在不安定中。
10、财运：财运佳，名利可得，但天运五行属土时，一生辛勤得财，财运平凡。
11、健康：易患胃肠、气喘、泌尿系统等症。
12、老运：晚景财源不缺，但心情欠开朗，天运五行属水时，乃是人间一富翁。"
水水火,40,993,004,凶,放纵成性，我行我素，易生失败困难。,行为不修，放荡成性，任性随便，荒淫不修，无可救药，正是十足浪子型之局势，易生多次失败困苦，生涯不安定，颠沛流离，荒亡流败，风浪不息，落魄天涯，每因色情而生祸端灾遇，否则常遭突发不测之灾祸或变死短命。,"1、总论：早年费心力而无所成，六亲无助靠孤军奋斗，且容易受到意外的灾害，中年后有成功机会，名利双收，慎防不测之灾病。天运五行属木时，事业发展，财源广进。
2、性格：性格独立而早熟，刚强而自负，心直口快，对安定生活容易厌倦，喜追求刺激而有横发的机会。应多注重精神修养方能立于不败之地，常有误打误中而成功者。
3、意志：过于自信，表面似乎很坚强，很有耐心，其实意志不够坚定，容易受世俗迷惑。
4、事业：中年前事业运不佳，颇多灾难与挫折，中年后有成功发展的机会，应好好把握。
5、家庭：六亲缘薄，妻子病弱或仳离，子女难和，家庭孤独之兆。
6、婚姻：男娶懦弱寡和之妻，婚后不美满；女嫁卤莽顽固之夫，婚后多争执。
7、子女：子女身体较差，或有意外灾病，长大后有离家生活之打算。
8、社交：外缘难好，但性情孤高而固执，拙于人情的处理，容易卷入朋友是非中。
9、精神：内外不和睦，心情多苦闷，精神生活常在不安定中。
10、财运：中年前后有财运，晚年更佳，但有成败一瞬间之灵意，应谨慎行事。
11、健康：易患胃肠、气喘、心脏、精神分裂、泌尿系统及妇人毛病等。
12、老运：晚景财源不缺，但家庭不安，心情欠开朗，应注重精神修养。"
水水土,50,995,006,凶,虽发展于一时，但因我行我素而失败，境遇不稳。,表面似乎安定，其实境遇不稳，终生非常苦劳，虽可得到小成之名利与成就，亦有小成之发展，却是常遭不时之灾难，或有小贼人之害，或病难或家庭之不幸，或破财倒霉多端，或不测丧生等虑。,"1、总论：劳心劳力而事业难成，六亲无助靠孤军奋斗，有聪明才智，判断力也强，往往能误打误中而成功发展，中年后较佳。
2、性格：性格独立而早熟，智勇兼备，心直口快，理想高而不能得到别人的支持，喜欢追求刺激而有横发的机会，中年时期会有成就，必须注意投机生意的后果。
3、意志：意志不够坚定，容易被世俗迷惑，做事有虎头蛇尾之象，无法坚持到底，应再培养耐力。
4、事业：凭藉著天赋才华，如能按部就班，理想不脱离现实，一定可以名利双收。
5、家庭：家庭不和睦，子女顽固不和，慎防婚姻危机。
6、婚姻：男娶好胜固执之妻，婚后多争执；女嫁卤莽之夫，婚后不美满，。
7、子女：男孩多于女孩，长大后在社会上有成就，但与父母意见不和。
8、社交：外缘及社交能力都不错，但有自大的倾向及易怒易解的个性，容易得罪人。
9、精神：物质生活再好，心情总是欠开朗，应多注重精神修养，保持生活上的愉快。
10、财运：有财运，但须防亲友之牵累或因判断错误而事业损失，天运五行属火，财运较稳定。
11、健康：易患胃肠、心脏机能、筋骨酸痛、泌尿系统、妇人毛病等。
12、老运：晚景物质不缺，但精神不安，天运五行属水时，晚年失败逢灾。"
水水金,40,997,008,凶,有出异常成功者、名利双收的可能，但大都陷于没落。,基础健固，境遇安然，勤智交辉而能博得财利名誉以及名利双收，大成功，大发展之兆，但若品行不修，不守正道，便会沦陷于刑牢狱之灾，若多不平不满则与人不和，荒亡流散或有害健康，若无凶数便无灾。,"1、总论：辛勤努力之后，终有收获，受到亲友的支持或帮助可一展抱负，成功立业，但常因自己的判断错误而失败，宜谨慎行事，天运五行属土时，中年后事业有成，财源较佳。
2、性格：性格主观而过于自信，头脑聪明而判断力敏锐，处理事情往往能误打误中而令人刮目相看，但有急于建功而误事之倾向。
3、意志：意志坚定，处事急进，需培养耐力、有易怒易解之缺点。
4、事业：如能谨慎行事，则事业运极佳，从事技术、文学或设计方面的工作更为适合。
5、家庭：大致圆满，子女贤孝，夫妻能共同创业持家。
6、婚姻：男娶贤淑持家之妻，婚后家庭大致和睦；女嫁刚直平庸之夫，婚后多争执。
7、子女：男孩多于女孩，个性顽皮，长大后能在社会上成功，亦能孝敬父母。
8、社交：外表及社交皆不错，但善于舌辩，强行自己主张，难免有口舌之争。
9、精神：外表看似乐观，但因理想过高，心中常有不平不满。
10、财运：财运不稳，时有时无，应多谨慎以防意外损失。
11、健康：易患肝胆、风湿或筋骨酸痛、泌尿系统等症。
12、老运：晚景精神不安定，天运五行属木时逢灾失败，属土物质不缺。"
水水水,60,999,000,凶,有较强的活动能力，有如洪水泛滥之势，有可能建奇功，立大业，也有可能成为豪杰、伟人，但多数人不如意。若先天八字忌水，此种配置难逃凶数。,唯独若有连珠局者，论为大吉，原命喜水尤佳。有一时之大势力，大发展而得名取利，但若品行不端，行为不修，胜与败均极端而短暂终于变成荒亡流散，如泡沬梦幻而结果是悲运灭亡又孤独伶仃人生。,"1、总论：做事冲动而积极，成功失败常在一瞬间，一生多劳苦，在烦恼中度日，呈现胜败难分之象，如能改进独断独行好高骛远的性格才能顺利发展成功，天运五行属土时，成功困难又有意外之灾。
2、性格：为人任性又自大，独立而早熟，具有丰富的想像力，具有天赋的才华，但一般说来理想高远而脱离现实，因而陷入不务正业的人亦有之，正派经营成功才能持久。
3、意志：意志坚定，自己决定的事情，总是一意孤行的去实行，碰到了困难也能相当忍耐。
4、事业：如能专心为事业奋斗，凭著才智一定可以名利又收，但切勿我行我素而招来判断错误的失败。
5、家庭：不甚圆满，夫妻多争执，家内不安之兆，应多忍让婚姻才能持久。
6、婚姻：男娶好胜寡和之妻，婚后常有争吵；女嫁卤莽顽固之夫，婚后家庭不和睦。
7、子女：男孩较多，个性较为孤独，长大后父母意见不和，应多给予爱的教育。
8、社交：社交与外缘皆不错，但不宜过份自大，以免遭到别人的反感打击。
9、精神：不重视物质好坏只顾追求理想，精神常在不安定中。
10、财运：财运不稳，时贫时稳，应慎防意外损失或牵累之事。
11、健康：易患肝胆、风湿或筋骨酸痛、泌尿系统等症。
12、老运：晚景财源不足，精神劳苦，家庭有孤独之象。"
