num,score,jixiong,short,brief,indication,foundation,family,health,future,fortune,description
1,98,大吉,太极之数，万物开泰，生发无穷，利禄亨通。,宇宙起源(太极之数),"天地、宇宙开泰的太极之数
吉祥运（表示健全、幸福、名誉等）。",聪明多学、成功富贵、名利双收、幸福、财帛、进田、长寿,竹木成林，父母有荫，家庭圆满，子女多孝。,健全，可望长寿（三才不善者不遇）。,大展鸿图、信用得固、无远弗屈、可获成功,天时地利人和，官运亨通、财源广进，名扬天下。,"(1)为万事万物的基本数。为最大吉祥的运势，属于分外的大成功、健康、富贵、名誉、幸福、可以享福终世。
(2)一为万事万物之始，始者气之始，具有创造、富贵、长寿之意义，为人性刚强且重义气，是一勤奋之格，有乐于助人之心，颇能受人尊仰，但仅有小气而未形成大气，故不可妄动，需缓缓而进，大可成功。"
2,45,大凶,两仪之数，混沌未开，进退保守，志望难达。,一身孤节(两仪之数),"未定的分离破灭数
凶数运（表示逆境、沉浮、薄弱、困难、多灾等）。",劫财、破灭、灾难危险、红颜，变迁、美貌,亲情疏远，夫妻应该互相理解，则免离别之苦。,凶弱、短命定有的，易患皮肤病，外伤，智折。,根基不固、遥遥欲坠、一盛一衰、劳而无获。,天时地利只欠人和，一生辛苦、劳累奔波、大起大落，难得收获。,"(1)混纯未定的数，为最大凶恶的暗示，无独立之气力，进退无自由，内外波澜、困苦不安，无雄心，易动摇，病患、遭难、甚至残废。如三才善良者不会夭折，其人辛苦一生（身），志望难达，破灭无常。（逆境、薄弱、病难、沉浮、短命、凶杀、非命等）
(2)此数为万事万物生长之数，但有形无气，有柔顺、无力之意，为人性柔顺，重利，被动，欠缺创新的思考能力，个性叛逆，遇事坚持己见，但无独立气魄。"
3,98,大吉,三才之数，天地人和，大事大业，繁荣昌隆。,吉祥(三才之数),"进取如意的增进繁荣的数
首领运（智慧仁勇、立上位、能领导众人）。
吉祥运（表示健全、幸福、名誉等）。",各种技术、技艺、祖业、丰盛自立、建业（官）禄。,家内施惠，可得贤妻（夫），六亲和睦，须戒自私。,如同松柏林立，健康良好，可望长寿。,根深蒂固、蒸蒸日上、如意吉祥、百事顺遂。,盈涌自然来，财富滚滚来，名利双收，地利人和，只欠天机。,"(1)阴阳和合，万物确定形成之相，有吉祥、成功、发达之兆，智达明敏，有才能技术，有首领的资格，自然之福，名利双收，能成事业，繁荣昌盛，进展有望，幸福无穷。
(2)万物定形之象，能博得名利之数。为人聪明，注重生活享受，心宽量大，具有领导风格，能建立大业之吉数。为人外向好动且重享受，人际关系好，一生顺利；喜欢掌握权力，不受拘束，对部属、晚辈宽厚，是一个天生管理别人的格局。"
4,50,凶,四象之数，待于生发，万事慎重，不具营谋。,凶变(四象之数),"身遭凶变的万事休止数
凶数运（表示逆境、沉浮、薄弱、困难、多灾等）。
孤独运（妻不利夫或夫不利妻）。",美貌（良心好）、香艳（公认的、有名气的）、破家、灾厄、劫财、败家业。,六亲缘薄、兄弟如同画饼。热先相助的少、应看开点。,衰弱、外伤、皮肤病、夭折、病死、发狂病（心里不平衡所致）。,坎坷前途、苦难折磨、非有毅力、望难成功。,天时人和只欠地利，意外收获，一时发展，易大起大落。,"(1)破坏性的凶变数，不足不全的灭亡之数，进退不自由、独立无能力，大多辛苦困难，或者逢其他凶运的配合而致发狂病死、夭折，或者放荡、破灭、逆难、终成废人，但孝子、节妇、怪杰，也有出自此数者。
(2)此数为不伦不类、无能生存之数，为人大多消极，性阴沉顽固，难成大事。一生精神多苦闷，力不从心，虽有才华也很努力开创，但总是脱离现实，很难被认同；身体尚佳，财运无缺，但对人际关系的处理上，较不圆融，易受亲友误解。不宜从事投机冒险事业，以免遭受失败。"
5,98,大吉,五行俱权，循环相生，圆通畅达，福祉无穷。,种竹成林(五行之数),"福禄长寿的福德集合数
吉祥运（表示健全、幸福、名誉等）。
男性双妻运（异性缘旺盛）。
温和运（性情平和、能得上下信望）。",学者、祖业、文昌、福星、（官）星、财钱。,上下和睦，相互合作，可望圆满，子女多荫。,福禄如海，寿比南山，可望健康。,阴阳和合、生意兴隆、名利双收、后福重重。,天时地利人和，富甲一方，德高望重，反亏为盈，名利双收。,"(1)社际交广，和合完壁之相，隐藏着大成功，精神敏悦，身体健全，福禄长寿，富贵繁荣，无所不至，或中兴祖业，或在他乡成家，或复兴绝家、（或过继接家业）即使不如此，也会博得功名和荣誉，圆满无碍，福禄吉祥无比。
(2)一生贵人多助，吉星高照，温文有礼，很受欢迎，事业常有意外的好运，为人中立平和，能生能成，能四通八达，为人聪敏，性温和忠厚，人缘极佳，能兴家立业之吉数。外表虽沉稳，但内心积极求变，想法新颖具创意，不满足于现状，一心想追求更高境界，一生常变换工作或场所；交际手腕圆满，常令人心服口服。"
6,80,半吉,六爻之数，发展变化，天赋美德，吉祥安泰。,安稳(六爻之数),"吉庆的吉人天相数
次吉祥运（表示多少有些障碍，但能获得吉运）。
男性双妻运（异性缘旺盛）。
温和运（性情平和、能得上下信望）。",豪杰、（官）禄、财富、（将）星、学者、,逢凶化吉、有一次大风险（危险）、可得长寿。,安宁自在，家庭和睦，可望健康。,万宝集门、天降幸运、立志奋发、得成大功。,应讲信修和、积善行德、不至于人财两空，必得人旺，吉庆一生。,"(1)天德地祥，福庆甚丰，家势盛大，万宝朝宗之运。然而满极则损，盈极则亏。若其他数理配合不周者，恐相如流水而下，成为所谓乐极生悲之相，此数理俱有天赋之美，安稳吉庆终身。
(2)为人豪爽，花钱较无节制，此数之人聪慧，兼具有美德之性格，若能平稳持重，可享和乐长寿，不然则容易乐极生悲，反为不利，但不至于会困顿潦倒。一生平顺，容易享有祖上余荫，具长者风范，愿提携后进，深得部属欢心喜爱；较爱面子，用钱较浪费，但在社会上，容易享有高声望。看来桃花多，婚后常有应酬，宜节制。"
7,88,吉,七政之数，精悍严谨，天赋之力，吉星照耀。,精悍(七政之数),"刚毅果断勇往直前的进取数
吉祥运（表示健全、幸福、名誉等）。
刚情运（性刚固执、意气用事）。",豪杰、（官）禄、进取、技术、刚硬。,没有同化力，内外不和，善于涵养修身者，可得家庭圆满。,日月光明、心身健全、可得长寿。,独营生意、和生志强、排除万难、必获成功。,天时地利只欠人和，应预防小人，讲信修和，财源必得。,"(1)独立、单行、极感之相，过刚而缺乏同化力之意，如果顽刚弄权（术），易酿成内外不和，幸而有天赋的精力充沛，具有调节事物的才能，能够粉碎强敌，排出万难，若能有涵养雅量，扩大气度、自然幸福上进，女性有此数者、难免有男性之性情，切要注意温和才会吉利而无过失。
(2)个性刚毅独立，阳气过盛，为人性情刚硬，锋芒太露，容易与人不和，处事欠缺圆融，因之难免招来麻烦，先天具有天赋精力可克服万重难关。是一个恩怨分明的人，个性急，也很好奇，喜怒哀乐全写在脸上，人际较不和谐，有时自己的好意常被误解，心生怨气。"
8,85,吉,八卦之数，乾坎艮震，巽离坤兑，无穷无尽。,坚刚(八卦之数),"志刚意健的勤勉发展数
吉祥运（表示健全、幸福、名誉等）。",艺能、美术、学者、天（官）、（官）禄、师表、畜产（喜养殖）。,兴家成为发达贤人，家境先能后易。,高山立松完健百在，可望长寿。,努力发达、贯彻志望、不忘进退、可望成功。,天时地利人和，应注意修和，努力进取，财富必得。,"(1)意志如钢铁，富于进取的气质，排除万难。贯彻目的，名、实两得、忍耐而克己，逐成大功，但其他运配合不善者，可能有遭难的厄运。慎防官司、牢狱之灾。
(2)具有坚忍不拔的恒心和毅力，能贯彻意志成就愿望。但有时坚持己见，却容易迷失方向。具超强意志力和耐力，看来精力旺盛不服输，总是能突破重重难关，获得成功，拥有此数，大都少年早发；是一个宁为鸡头不为凤尾之人，希望自己施展抱负。一生容易成功，但也容易骄傲自满、自大，而引人反感而招来烦恼。"
9,50,凶,大成之数，蕴涵凶险，或成或败，难以把握。,破舟进海(大成之数),"吉尽凶始，穷乏之星
凶数运（表示逆境、沉浮、薄弱、困难、多灾等）。",(官)禄、图印、太极、富翁、突（然）破（家或产）,亲情不和睦，说长道短的人多，努力坚持贤明者平安。,女性成风流或与夫别离，病弱。弱女者都应该晚婚，多积德可免短命。,虽抱奇才、有才无命、独营无力、财力难忘。,聪明智慧、财路很多，贪功好进，大起大落。如能行善，财富很多。,"(1)利去皆空，陷入穷途，逆运、短命、悲痛或幼小离亲而困苦、或者病弱、不遇、遭难废疾、贫困、灾难、孤独。甚至有刑罚、有不测之凶祸。人格有此数者为大凶或一生得免灾害，也难免配偶丧失，有缺子之叹，实为人生最大恶运，但在，例外的怪杰、富豪也有出此数者。
(2)一生虽理想高，但容易失败，有时有志难伸，知音难寻，容易超越现实不易融于社会。意志不很坚定，行动举止比较轻浮，是为孤苦无依之数，一生恋爱运、亲友运差，较难得到身边之人的帮助，且常陷于是非纠纷之中。倘能在失败挫折中潜心学习，或能在艺术、宗教、五术哲学领域中，渐渐得到成功发展。"
10,40,凶,终结之数，雪暗飘零，偶或有成，回顾茫然。,零暗(终结之数),"充满损耗数
凶数运（表示逆境、沉浮、薄弱、困难、多灾等）。
孤独运（妻不利夫或夫不利妻）。",天福、文昌、失财、（官）禄、破危、短命。,家内总是冷眼旁观者多，伤害妻子破镜难圆，百忍者尚可平和。,杀伤、刑罚、病弱、灾危、女的易风流。心性变态。,乌云遮月、暗淡无光、空费心力、徒劳无功。,劳累奔波，辛苦多多，即使发财，大起大落，多劳少收。,"(1)其凶恶胜于九数、为事物极终之运。有如黑暗境地，空虚无物，人格有此数者，多非业短命，如同日没，四顾茫茫，事事不顺、不利、乏气力，常陷于不如意，凡要求功，因多障碍，渐渐自失败，逐致破家亡户或者贫困、逆难叠至，无眷属之缘，或者自幼失亲，或者病弱、遭难，或者有不测之灾祸，或者犯官府等，难免非业非运，三才配和不善不得其宜者，大都中年前后，编进黄泉之籍，然而万人中有一两人可绝处逢生。
(2)不喜欢过平静的生活，生活漫无目标，好像身陷茫然中，以致会惹上莫明病痛，且易犯官司等不幸之状况。如常说好话，常做善事，就能由绝处而转变大成功。
创业过程比较容易投机取巧，起伏多变，不喜欢循规蹈矩平实的过日。易生意外，为人好面子，有点外华内虚。"
11,98,大吉,万物更新，调顺发达，恢弘泽世，繁荣富贵。,旱苗逢雨,"挽回家运的成育数
吉祥运（表示健全、幸福、名誉等）。
温和运（性情平和、能得上下信望）。",财星、天使、暗禄、文昌、技艺、田宅。,养蜂结蜜，事事和顺，处处温和。,河川永在，可望健康长寿。,草木逢春、枝叶沾露、稳健着实、必得人望。,天时地利人和，有贵相助，名利双收，步步高升，荣华富贵。,"(1)享有天赋幸运，万事顺利，有得富贵荣誉，再兴家业的暗示，得挽回家运、平静和顺的最大吉数。
(2)看来是吉星高照，逢凶化吉之数，一生能平顺通达，福财禄不缺，很早就能享名望，一生敢做敢当，脚踏实地，深受同业或朋友敬佩。此数也是草木逢春、处处生机、天资聪颖之数，为人平稳踏实，得名望，当可大展鸿图。但主观意念稍重，易陷独断独行，反招人怨。"
12,55,凶,无理之数，发展薄弱，虽生不足，难酬志向。,挖井无泉(掘井无泉),"意志脆弱，家庭寂寞数
凶数运（表示逆境、沉浮、薄弱、困难、多灾等）。
孤独运（妻不利夫或夫不利妻）。",凶星、破危、劫财、时禄（一段好运）。,亲情如秋水，骨肉似寒炭，施恩招怨恨，宜提高气节。,枯木待春，小心神经衰弱，肝、胃病之疾、多伤（害），皮肤病，三才善良者，可望安全。,薄弱无力、孤立无摇、外祥内苦、谋事难成。,君臣之像，心比天高，自不量力，劳累奔波，有财易大起大落。,"(1)有无理伸张之意，不顾脆弱之力，企图做无能力做的事，多失败。退事易生不足之心，家庭无缘、孤独、遇难、逆境、病弱、不如意、困难等，又可有其他运配合而导致意外的失败，甚至有不能完寿的悲运。
(2)做事经不起考验，容易患得患失，遇事则易半途而废，错失良机而后悔莫及，凡事不堪打击，一败涂地，自怜自艾。常图非份之心，招致失败，以致陷入苦境。家族缘甚薄。个性温文儒雅，受朋友欢迎及长辈提拔，但意志薄弱，身体差，无法居领导位置，宜过安稳固定之生活。"
13,98,大吉,才艺多能，智谋奇略，忍柔当事，鸣奏大功。,春阳牡丹(春日牡丹),"智能超群的成功数
首领运（智慧仁勇、立上位、能领导众人）。
吉祥运（表示健全、幸福、名誉等）。
艺能运（富有艺术天才，对审美、艺术、演艺、体育有通达之能）。",天（官）、领袖、文昌、技艺、进财、学士、田产、财库。,可得健康长寿、后天三才不善良者不遇。（注意，刑罚、牢狱、刑伤等流血事件）。,祖宗余荫，子孙孝顺，可得圆满。,天赋吉运、能得人望、善用智慧、必获成功。,有贵有助，长辈推荐，贵人提拔，名利双收。,"(1)富学艺术才能，有智谋奇略，忍柔当事，任何事皆巧凑大功。为得享受幸福荣华的好诱导，充满智慧是其特点。
(2)适合作为领导型人物，外向好动，若从事社交公关、旅行或业务工作，容易发挥长才而获成功。为人足智多谋，多才博学，善于处理事务，具有随机应变之能力，获得大成功之吉数。唯因充满自信，逞其能者，有弄巧反拙，错失良机之暗示。因善外交辞令，应对得体，人缘好，受人欢迎，喜爱热闹场合，性急不拘小节，容易早交异性，人缘好，社会声望崇高。"
14,45,凶,家庭缘薄，孤独遭难，谋事不达，悲惨不测。,破兆,"沦落天崖的失意、烦闷数
凶数运（表示逆境、沉浮、薄弱、困难、多灾等）。
艺能运（富有艺术天才，对审美、艺术、演艺、体育有通达之能）。
孤独运（妻不利夫或夫不利妻）。",暗禄、美貌、艺术、流浪、红舞、劫财。事业半途而废（不愿做完或开除、失业、下岗等））。,骨肉疏远，离祖迁居，自家兄弟全无缘分，外处事有缘分。,男女均属好貌或身材（才）。皮肤病、感冒、风湿病，三才配置善良，可保健康。,吃得苦难、必有后福、是成是败、惟靠坚毅。,虽有意外收获，易被他人牵连祸害，先甜后苦，大起大落。,"(1)多破兆，家属缘薄。丧亲、丧子（或无子），兄弟姐妹分离孤独，不如意、烦闷、危难、遭恶、浮沉不定，为了慷慨，施惠招怨，劳而无功，凄惨孤独，其他运者不多，有伤天寿。
(2)常为经济拮据而困扰，因本位主义太重，不听劝告，一意孤行，为人好虚荣，重外表，不充实内涵，以致诸事不能如意，一生暗淡，家族缘薄，孤独无依，亲友缘薄不得助，孤僻冷漠，为人高傲，所以生活方面很苦闷。"
15,98,大吉,福寿圆满，富贵荣誉，涵养雅量，德高望重。,福寿,"福寿共照的立身兴家数
富贵运（多钱财、富贵、白手可获巨财）。
吉祥运（表示健全、幸福、名誉等）。
男性双妻运（异性缘旺盛）。
温和运（性情平和、能得上下信望）。",天（官）、贵人、福是、百禄、畜产（喜养殖）、富翁。,清静家田（园），圆满之相，子孙昌盛。,海底明珠，安稳余庆，健康自如。,谨恭做事、外得人和、大事成就、一门兴隆。,天时地利人和，官运亨通，财富丰盈，辉煌腾达。,"(1)此数为最大好运，福寿圆满之相，顺和、雅量、多受福泽，德高望重，自成大业，富贵荣华，吉祥有德，繁荣兴家的大吉数。
(2)此数容易成功，少年早发，中年即能名利双收，富贵显耀，轻松获得成功，圆满无缺之大吉祥之数，因思想新颖而多变化且为人温良谦恭，能获得提拔，能成功立业。德高望重，福及子孙也。遇困难能得贵人相助，凡事能逢凶化吉；财运不错，为人慷慨大方，受人欢迎，身心健康，精力旺盛，一生少有病痛。"
16,98,大吉,厚德载物，安富尊荣，财官双美，功成名就。,厚重,"兴家得助的贵人数
首领运（智慧仁勇、立上位、能领导众人）。
富贵运（多钱财、富贵、白手可获巨财）。
吉祥运（表示健全、幸福、名誉等）。
男性双妻运（异性缘旺盛）。
温和运（性情平和、能得上下信望）。",天（官）、贵（人）命、豪杰、进田、学士、豪侠、置产。,春月花开，可望家庭圆满，男子有贤妻，女子不宜早婚。,花草逢春，贵弱于色情，戒慎者可望健康。,能获众望、成就大业、名利双收、盟主四方。,财涌自然来，天赋亨通，富裕荣华，名利双收。,"(1)反凶化育之相，成首领，占上峰，雅量厚重，豪侠足智多谋，善于协调，集名望，能服从，为大事大业可成，富贵发达的好暗示。
(2)为人较爱面子，一生奋发，有果断力，能任劳任怨不辞劳苦，容易成就财富与功名，而受众人拥戴、推崇，又能获长上器重，而得到名望，成就一番事业，是富贵吉祥之数。与人谦恭有礼也乐于助人，人缘好，乐观幽默，深得异性喜爱；精力充沛，耐性也够。"
17,78,半吉,权威刚强，突破万难，如能容忍，必获成功。,坚刚(刚强),"突破万难的刚毅数
次吉祥运（表示多少有些障碍，但能获得吉运）。
刚情运（性刚固执、意气用事）。",天、将星、威武、艺术、文明、,女性若能修养女德，贤惠者可得圆满。,心身健康，可望长寿。,排除万难、有贵人助、把握时机、可获成功。,办事能力强，额外收入，如能行善，必得昌盛。,"(1)权威刚强，有己无人，以至与人不和，如善于避开此短处，则为大吉，意志坚定，有突破万难的气节，是最大的优点，如过于无理任性，恐反成为失败，如果立志勇往直前，必会成功而建大业，若陷过刚变成固执，必招恶患，切要警戒，妇女有此数者，易流入男性，如果能涵养女德，存心温和，福禄自然随致，但先天条件弱的妇女，反而用此数为妥。
(2)拥有坚忍的毅力令人敬畏，但负担过重，有时会突然崩溃，要小心！做事具有权威性，然而固执己意，缺乏沟通及宽容大量，然知过而无法改善，因之有失人和，受到非议或招失败。若能从善如流，即可大获成功。凡事喜自行做主，所以主观强，不甘屈居于人下，比较不擅处理人际关系，而易招嫉妒，容易为小事而与人争辩不休，宜小心。"
18,90,吉,权威显达，博得名利，且养柔德，功成名就。,铁镜重磨,"有志竟成的内外吉数
吉祥运（表示健全、幸福、名誉等）。
艺能运（富有艺术天才，对审美、艺术、演艺、体育有通达之能）。
刚情运（性刚固执、意气用事）。",将星、文昌、太极、畜产（喜养殖）、财帛、技艺、刚愚。,有祖宗荫德庇护之福，心慈口硬，宜守和平可望圆满。,心身健全如万年龟蛇，可望长寿。,经商做事、师利昌隆、如能慎始、百事横通。,天时地利，百事顺利，虽有辛苦，财富自来，注意小人，辉煌腾达。,"(1)铁石的心，发达运俱备，（官不大）有权力，有祖荫庇抚（护），有智谋、志向一方，必排诸难，博得名利，但自我心强，缺乏包涵力。要戒坚刚、防非难，宜养柔德，宜慎重勿骄傲。目的贯彻，功成名就。
(2)一生都能脚踏实地做事，有恒心，有毅力，能化阻力为助力，坚忍不拔，过程中容易遇上强劲对手，也有能力应付，且一生中能有权力威望，对事情会全力投入而奋斗不懈，能排除困难，达成目标，最后能名利双收。然因自尊心顽固，以致得不到他人之谅解，影响事业与声望，宜修心养性而安。历经困苦磨练才至成功，律己甚严自视高，给人高傲自大感，容易得罪别人而惹麻烦。"
19,40,凶,风云蔽日，辛苦重来，虽有智谋，万事挫折。,多难,"遮去蔽月的辛苦重来数
凶数运（表示逆境、沉浮、薄弱、困难、多灾等）。",（官）禄、进田、红艳、财富。智谋、凶危（暗含自杀和短命）、破财。,家内朝幕改，众叛亲离，须思手足情，应我意。,风云蔽月，病困、刑罚、杀伤、短命，先天五行属金、水者可望安泰。,成功虽早、慎防亏空、内外不和、障碍重重。,可成富翁、但易奔波流亡，谨慎大起大落。,"(1)有智谋，虽有兴大业，博得名利的实力，但每发生意外的障碍（或陷害），内外不和，困难苦惨不绝。如果主运有此数、又乏其他吉数以相助者，多陷入病弱、孤寡，甚至有夭折，配偶生离死别。刑罚、杀伤等灾难，为万事挫折、非命至极，也叫短命数。也有可成巨富、怪杰、伟人、大官。
(2)为人虽多才多艺且颇有智能，足以建立大业，博得名利，但中途多遇挫折，以致前功尽弃之叹，人生是属独立早熟型，事业、身体易遭损伤，或卷入是非纠纷，而留下痛苦经验，很多事都功亏一篑，有内外不和之象发生。然亦有富翁、伟人出自此数者；为人想象力丰富，对哲学、宗教、设计往往有良好天份。"
20,40,凶,非业破运，灾难重重，进退维谷，万事难成。,屋下藏金,"非业（不正当的事业）、破运的空虚数
凶数运（表示逆境、沉浮、薄弱、困难、多灾等）。",（官）星、部将、美术、智能、红艳、凶危。,亲情不立、兄弟相隔，离祖成家，凡事百忍则家中能平和。,泥身过海、难以为继，三才配合不善者、命运多难、病弱。,智高志大、历尽艰难、焦心忧虚、进退两难。,不正当的财富，高官簿绿、心术不正、当心丢命。,"(1)物将坏之相，具有短命、非业的诱导，所得大凶之运，一生不得平安，灾难叠至，凶祸频临，不如意，陷于逆境，或导至病弱、短命、非业、破灭、不能支撑一家者，或幼时别亲、而陷入困苦、或者叹子女的不幸、或者丧失配偶。
(2)一生不甘过平静生活，为人刚强自负，心直口快，易生是非、不安，厌倦安定生活，喜欢追求刺激，偶有横发之事发生，但也常有惊滔骇浪之事发生，属不佳之格局。故宜修身养性，耐劳节俭，或可平安。好运来得快也去得快，常有是非缠身、身心疲惫的情况发生，应多行善事。"
21,95,吉,光风霁月，万物确立，官运亨通，大搏名利。,明月中天,"明月照光，体质刚健之数
首领运（智慧仁勇、立上位、能领导众人）。
吉祥运（表示健全、幸福、名誉等）。",天（官）、太极、文昌、哲学、财库、艺术、福禄、首领、君臣、富翁。,六亲和睦，有中之嗣惠，（有乐极生悲）若女人用则破大运。,秋月鞭蓉，年青健壮、长寿。,先历困苦、后得幸福、霜雪梅花、春来恕放。,高官厚禄、合作聚首、步步为赢、名利双收。,"(1)风光霁月，万物形成月立之势，独立权威，有首领之运，受人尊敬，享受富贵昌荣，渐进发展，中途难免相当苦心，步步而进，如登梯一样，立大业兴家，大博名利，乃贵重的吉数，因系伟大的首领之格，女性得此数者，反招灾害，即妻凌夫之路，（阴阳生暗斗）。自然不得安宁，夫妻难免时常反目，或喜极生悲，且女德不备，家庭不圆满，妻便克夫，所谓两虎相斗，必无双全者，慎戒之。
(2)为人刚强，不服他人管束，一生奋发向上，掌握权力，少年运劳碌辛苦，中年运能建立良好名声、地位，但因好面子不服输，容易争风吃醋，宜涵养心性，命运就像万象更新、冬去春来之象，之间虽有劳苦遭遇，但交好运后就能建家立业，大获成功。一生桃花运多，对感情不易控制情绪；喜欢支配、命令别人，容易当领导。"
22,45,凶,秋草逢霜，困难疾弱，虽出豪杰，人生波折。,天乙(秋草逢霜),"秋草逢霜，贵人相助的数
凶数运（表示逆境、沉浮、薄弱、困难、多灾等）。
孤独运（妻不利夫或夫不利妻）。",官禄、远洋、天乙（贵人）、君臣、将星、劫赌、市财。,和睦相处，可得圆满。,常有暗疾，三好四怯。,秋草逢霜、怀才不遇、忧愁怨基、事不如意。,财路多而为他人做嫁衣，事业一波三折，劳绿奔波。,"(1)百事不如意，志向半途挫折，多属懦，正如秋草逢霜之象，困难、病弱无元气，陷入孤独、逆境不平常，但也有伟人、豪杰有比数者，不过其人生多波折。多才多艺，一般多为官之人，或个体老板。总之，有几起几落，才能成功。
(2)为人柔弱温和，若有贵人多助则易成功，若缺乏进取之心，则凡事易虎头蛇尾，纷争难息，横生枝节，以致将成失败，诸事不能如意，常受挫折，一生怕会体弱多病，身心过劳等。坐这山望那山高，心比较无定见，博学而不专精，眼高手低，不肯脚踏实地，所以外表华丽而内心空虚，身体稍差，做事易累，神经容易衰弱。"
23,95,吉,旭日东升，壮丽壮观，权威旺盛，功名荣达。,壮丽,"旭日东升，发育旺盛数
首领运（智慧仁勇、立上位、能领导众人）。
吉祥运（表示健全、幸福、名誉等）。",首领、君臣、暗禄、财库、宅、学士。,男人园地，女人则零落。,男人可望健康，女性则有孤独之苦。,旭日升天、名显四方、渐次进展、终成大业。,美好事业前途，首领之相，大忌贪财，谨慎亏空，终可发达。,"(1)伟大的昌隆之运，威势冲天之象，微贱出生，逐渐长势，终至首领，有如凯旋之将，猛虎添翼之势，权利旺盛，胜事恐过度而为遗憾，然而感情锐利，壮丽可爱，实属贵重的运数，但女性有此数者不吉，只有一半运，妇女凡主运此数者，难免转成零落而秀榻悲寒。
(2)一生桃花多，有异性缘，且具首领气质，懂得运用群众心理，能得众人拥护为其效命；对部属宽厚，在上司面前则自视太高，容易犯上，不甘屈居人下，但因努力进而致大成功，为人心胸开阔，积极进取，名利俱获，之大吉数。"
24,95,吉,家门余庆，金钱丰盈，白手成家，财源广进。,掘藏得金,"家门余庆的金钱丰盈数
富贵运（多钱财、富贵、白手可获巨财）。
吉祥运（表示健全、幸福、名誉等）。
温和运（性情平和、能得上下信望）。",天官（领导或头）、福星、文昌、企业、财库、君臣、工商（白手起家的发家财富数）、富贵（富翁）、自私。,不依祖业而立身，家庭圆满，兄弟和睦，但应保持无私。,松柏长青，可望健康。,锦绣前程、须靠自己、多用计谋、能成大功。,白手起家、贵人相助、意外收获，利润不错，财富丰盈。,"(1)路途多有崎岖，实为难免，然而策略智谋出众，白手可以成家，财源广进到老愈丰盛，子孙继承余庆的福运。
(2)心思细密，处事严谨，能于稳健中得到发展，能平步青云；凡事必亲躬，不假人手，自尊强，不愿受人帮助，也能白手从辛苦中起家，个性百折不挠，终就能获得成功，达成愿望。为人方面慷慨，一生善于策划，具有发明力，可享富贵荣华。早年脚踏实地，中年靠信用与才能获得成功，晚年则有发达好收获。用钱精打细算，凡事讲求效益，一生没有大的人生障碍。"
25,88,吉,资性英敏，才能奇特，克服傲慢，尚可成功。,英俊(荣俊),"资性英敏的刚毅数
吉祥运（表示健全、幸福、名誉等）。
刚情运（性刚固执、意气用事）。",君臣、领袖（即领导）、福星、文昌、企业（商业）财禄、技艺、财库、进田。,平和而谦虚者，家庭圆满，子孙昌盛。,健康自在，三才善良者可望长寿。,天时地利、只欠人和、讲信修睦、即可成功。,天时地利，女性人和，辉煌腾达，男性笨拙，事业无终。,"(1)资性英敏，有奇特的才能，唯性情不平横而偏重一方，言语多少有点棱角，柔中带硬或者怪异，（注；人格为此数者，讲话带刺，怪人或吹牛，凶吉的中界数）。故涵养不足者，多成怪人，与外人打交道缺少谦虚者无英俊之才，（男性多迟钝、呆楞、胆子小。）自应克制，可成大业。任意用事、傲慢无礼，恐弄吉成凶。此数为女性用之最佳吉数。
(2)外表看似温柔，其实主观强，有一意孤行的倾向，怪僻多，言词犀利，往往令人难以招架；博学多能，记忆好，恩怨分明，自视高，在不知不觉中孤立了自己，因而群体人际关系难得圆融。为人聪颖，具有特殊才能，尽力而为能获得成功，然因常有信口开河、语带尖酸的个性，与人易生不和而影响人际关系，因此不能不对人生信用方面谨慎对待。对学术、艺术感觉敏锐，往此方面较有发展空间。"
26,45,半吉,变怪之谜，英雄豪杰，波澜重叠，而奏大功。,变怪,"变怪奇异的豪侠数
次吉祥运（表示多少有些障碍，但能获得吉运）。
艺能运（富有艺术天才，对审美、艺术、演艺、体育有通达之能）。",豪侠、君臣、官禄、侠义、红艳、财库、凶厄、破灭。,亲情无义，妻子无助、若女子温顺可得圆满。,大多破家病弱。（凶恶的癌变数理）。,波澜起伏、千变万化、凌架万难、必可成功。,官运亨通、视财如命、虽有财富，无福消受。,"(1)属波澜重叠，数奇变怪的英雄之运格，有义气侠情，然而变动非常多，风波不息的人生，临万难，越死线，而凑大功者有之，力不足，随波逐流，遇波折而破产、亡家者有之，又因他格的配合，或陷入逆难、淫乱、短命，或者丧失配偶，或丧子丧女，膝下零丁，属大都不得顺境的命运，但不少怪侠、烈士、伟人则出此数者。（注；做事半途而废，此数为官运数理也。为不治之症或短命数理）
(2)生命过程两极化，徘徊在黑暗与光明之间，一是意志不坚者，易臣服于逆境之下。富有侠义精神，常遇骇浪惊涛，如能坚持到最后能寻到生机，但意志软弱者，永无光明之日，困守愁苦之境，此数含有放纵、固执等不祥之兆。二是亦有怪杰、名人、政要、孝子等出自此数者。此格多出英雄、志士、烈女，需有超强意志，忍受煎熬，方能成功，常人勿用，以免弄巧成拙。"
27,55,半吉,欲望无止，自我强烈，多受毁谤，尚可成功。,增长,"欲望天上镜，宜静待时候的数
次吉祥运（表示多少有些障碍，但能获得吉运）。
刚情运（性刚固执、意气用事）。",天官、将军、师长、学者、文昌、凶恶（短命）、破财、废疾。,六亲不得，兄弟疏远。（或六亲、兄弟永远别离有之）。,应注意肺疾、胃疾、心脏病、刑罚、短命。,一成一败、一盛一衰、惟靠谨慎、可守成功。,合法收入，令人眼红，惟靠低调、可以发财。,"(1)自我心强，多受诽谤和攻击，而易致失败，所谓难运，大多为半途中夭折，开始以其的智谋，努力奋斗得名利，待过中年，势渐趋大，内外酿出不和，难以发达到老，假如自身温顺、可保平安。
(2)个性急又过于爱面子，早年运尚佳，中年运后渐渐衰微。自尊心颇强，一生不愿向人低头，自视高，很容易眼高手低，由于心智早熟，生性聪明伶俐，我心太强，因之早年能得短暂风发，但中年之后易因得意忘形而招致不顺，以致挫折，心灰意冷，丧失斗志，务宜修心养性，保持人和，处事不可大意，即可保持幸运之延续。虽待人热心，却得不到感激，事业一向平顺，但一旦失败，却又不敢面对现实，需要很长时间才能东山再起。"
28,55,凶,遭难之数，豪杰气概，四海漂泊，终世浮躁。,阔水浮萍,"豪气生离的行藏无定数
凶数运（表示逆境、沉浮、薄弱、困难、多灾等）。
孤独运（妻不利夫或夫不利妻）。
刚情运（性刚固执、意气用事）。",领袖（头）、将星、官星、学士、红艳、灾恶。,亲情多忌怨、兄弟少联络、子女别离。,三才不善者病灾、伤灾、废疾、发狂，三才善良者无大害。,鱼临旱地、难逃恶运、此数大凶、不如更名。,名虽可得，利则难获，危机四伏、清高无祸。,"(1)每遭难运，有一种豪杰气概，但难免非难诽谤，时有危难袭来，而至伤害，或丧失配偶，相克子孙，也可能有自别亲者，总之大都有祸乱。争论不合、逆难、刑罚、官司，刑伤等，灾祸相接，终是劳苦，妇女有此数者，多限于孤寡，和难成家的运格，总之，家庭离乱。（注；此数为男人官运数）。
(2)一生中有一意孤行的倾向，心灵空虚容易受伤，因此会留下深刻阴影。一生中物质运丰盛不虞匮乏，很容易受亲友的连累与误解，以致造成情绪上的不安，由于生性豪爽，因此比较容易受流言中伤，引起误解而招来反感，家族六亲缘微薄。"
29,85,半吉,智谋优秀，财力归集，名闻海内，成就大业。,不平(智谋),"急舟顺展的大立功数
首领运（智慧仁勇、立上位、能领导众人）。
富贵运（多钱财、富贵、白手可获巨财）。
次吉祥运（表示多少有些障碍，但能获得吉运）。
艺能运（富有艺术天才，对审美、艺术、演艺、体育有通达之能）。",天官、太极、君臣、天厨、将星、财帛、文昌、深谋、富翁、灾厄、破灭、废疾。,乏祖力，地格为火时，有乏子息（灭），或不合。,先天人格五行相生于后天三才人格善良者，未来数理大吉者，可望安康，不善良者有伤残或短命之虑。,如龙得水、青云直上、智谋历进、才略奏功。,享受祖荫余德，自获天佑，无荫无德，必遭破灭。,"(1)智谋优异，奏功受福之格，财力、活动能力具备，成就大业之兆，但不足不平的念头不断，任意从事，欲望无止境，多易弄巧成拙，至于妇女，都流入男性、或者造出荒唐的猜疑之灾，切要慎戒之。（富极生悲、应注意弄巧成拙、视钱如粪土则安之。此数理为伤残或短命数理）
(2)为人聪明能干，特色是英敏果决，善于领导，易得功名。虽自视高，但负责任，能得部属尊敬及上司器重，做事严己律己，可成众人表率，早享名望和地位。为人智谋兼备，具有崇高理想，永远都是精力旺盛，但因不能满足欲望，一意想攀登高峰，以致一落千丈。故知足为乐，谨慎才能无忧。"
30,55,半吉,沉浮不定，凶吉难变，若明若暗，大成大败。,非运,"绝境逢生的运途分岐数
次吉祥运（表示多少有些障碍，但能获得吉运）。",官星、将星、文昌、豪放、红艳、灾厄。,亲情不亲，夫妻不相合，难同白头。,刑罚、外伤、废疾、急祸。,凶吉参半、得失相半、投机取巧、如赛一样。,有财自来，官运不错，事业奔波，有始无终。,"(1)浮沉不定，凶吉难分，即因其他运的配合，或者成功，或者沉于失败，故乘吉运者，成功自至，数理不良者，不知不觉之间，陷于失败，其遇不可测，突然别开生面有之，大沉大败，具有侥幸，另外，也有孤独、丧失妻子或配偶、短命。
(2)因喜从事冒险活动，所以一生中会有一、二次大困境，但在最危险关头，总会化险为夷，渡过以后就会一帆风顺，功成名就。然而因心情浮沉不定，为人少有定见，处事抓不到重心，以致亦胜亦败，最后可能招致失败。一生中须靠贵人来帮助方可成功。故应认清目标，贯彻始终才能有所成就。做喜事朝三暮四，又爱冒险投机，过不惯平稳安定生活，在判断上如果一意孤行，容易一夕间可能招致身败名裂。"
31,98,大吉,智勇得志，博得名利，统领众人，繁荣富贵。,春日花开,"智勇德智，可享清福数
首领运（智慧仁勇、立上位、能领导众人）。
吉祥运（表示健全、幸福、名誉等）。
温和运（性情平和、能得上下信望）。",春极（事事象开始，不能坚持下去）、君臣、将星、学士、文昌、田宅、祖业。,可望幸福，子女多荫，地格疲克者则不遇。,三才善良者可望健康，长寿。,此数大吉、名利双收、渐进向上、大业成就。,不劳而获，名利双收、天时地利人和，可成大业。,"(1)智、仁、勇俱备，意志坚固，任（千）挫不挠，脚步踏实，能成就大业的运格，可统率众人，博得名誉，繁荣富贵，幸福、温柔、平静，威力强大的首领运。
(2)为人善于领导，乐于助人，做事总不甘屈居于人下，年轻就容易当上主管或老板。一生财运丰，生活重品味，身体健康良好，如能创业则大吉。为人仁德兼备。有坚定意志能克服困难建立事业，能名利双收，深得得众人拥戴景仰，可享富贵荣华，一生务实进取、努力不懈，能在社会得到好名声与地位。"
32,98,大吉,侥幸多望，贵人得助，财帛如裕，繁荣至上。,宝马金鞍,"饶幸多能的意外惠泽数
富贵运（多钱财、富贵、白手可获巨财）。
吉祥运（表示健全、幸福、名誉等）。
男性双妻运（异性缘旺盛）。
温和运（性情平和、能得上下信望）。",天德、月德、君臣、将星、文官、学士、文昌、进宅、祖业、富翁。,家门隆昌、可望圆满、子孙旺盛、男有双妻之格。,可望健康。（而三才不良者有病患）。,池中之龙、风云际会、一跃上天、成功可望。,祖荫余德、辉煌腾达、财富丰盈、子孙享福。,"(1)侥幸多望之格，若得长辈或上级提拔，其成功势如踊竹。且有品性温良，大有爱护他人之德，家门隆昌，繁荣，至上的吉数。
(2)一生中容易获得长辈上司眷顾与提携，能享受庇荫而成功。唯个性急，无定性，博学而不精，但人际关系较圆满，尚能获得他人之助，要顺利成功并不难。为人诚实，认真努力，一生中也善抓住机会，又有贵人提携，终能获得成功，是为光耀门楣之大吉数。为人比较擅交朋友，精于策划，但执行力较差，须依靠别人提拔、合作才获成功。声望地位佳。"
33,88,吉,旭日升天，鸾凤相会，名闻天下，隆昌至极。,升天(旭日升天),"家门隆昌、才德开展数
富贵运（多钱财、富贵、白手可获巨财）。
吉祥运（表示健全、幸福、名誉等）。
艺能运（富有艺术天才，对审美、艺术、演艺、体育有通达之能）。",天官、臣将、文昌、学士、田宅、富翁。,可望健康，身强口硬，妇女用则孤独。,可望健康，三才不善或不合先天人格五行者，有病患。,意气用事、人和必失、如能慎始、必可隆昌。,豪侠气质、能说会道，富翁之相。谨慎大起大落。,"(1)鸾凤相会之相，形成确定之相，多功、多威、多智谋，刚毅果断，有如旭日东升，旺盛隆昌至极，属名闻天下的吉运，但如果过刚毅，反至误事，而且过贵重，一般常人承受不起，物极必反、尊荣的反变黑暗。（三才不善良者）女性轻用，用则孤寡。
(2)个性是一个好胜争强之人，永不服输，战斗意志高，总不畏辛劳来达成使命，一生容易功成名就，到哪儿皆能风光。为人性情刚毅，才德兼备，具有勇敢果断之精神，成就事业，也能博得名利之吉祥数，但恐性情过刚毅，且做事武断而招来不利。一生中对别人要求严苛，易起反感，很难结善缘，命运中阻力自然增多；但健康良好，财务也丰，可能很早就能当上主管或老板，不错喔。"
34,60,凶,破家之身，见识短小，辛苦遭逢，灾祸至极。,破家,"破家亡身的见识浅少数
凶数运（表示逆境、沉浮、薄弱、困难、多灾等）。
孤独运（妻不利夫或夫不利妻）。",臣将、君臣、文昌、学士、破财、凶恶、破灭。,家缘薄，妻子疏远，忍耐可保平安。,杀伤、刑罚、脑溢血、麻痹、发狂、短命。三才善良者也可以得安康。,灾难不绝、难望成功、此数大凶、不如更名。,劳累奔波、多劳少得、不聚财，易大起大落。,"(1)属破坏性的大凶兆，离乱的祸象很强，凶煞一到，便接连而来，事业上大凶、大困难、大辛苦、内外破乱，万事不顺重叠而来，衰败，悲痛无限，因其他数的配合关系，有丧失配偶、子女离别、病弱短命、刑伤、或至发狂、灾祸至极，为破家亡身的最大凶数，有的自身为此数或总格者，大成大败，有瞬间全无。
(2)一生中命运坎坷多难，挫折较多，在顺境中，也可能遭逢不测而导致一败涂地；所以须兼具大智大勇之才能，才能渡过重重难关，而至成功，否则容易沉沦惨遭淘汰，此数具有萧条寂寞之意，为人个性倔强，一意孤行，一遇挫折就会心灰意冷，以致无法排解，因之一生郁郁寡欢。此数有六亲缘薄之象，也容易受牵累，或纠缠不清，身体稍差，心情苦闷，常有厌世想法，此数常出英雄烈女。易受制于身体、经济、法律方面的困扰，而困苦不堪。"
35,95,吉,温和平静，智达通畅，文昌技艺，奏功洋洋。,高楼望月,"温柔平静的优雅发展数
吉祥运（表示健全、幸福、名誉等）。
艺能运（富有艺术天才，对审美、艺术、演艺、体育有通达之能）。
温和运（性情平和、能得上下信望）。",将相、学士、文昌、艺术、财库、田宅、工商、温柔。,上流家庭，可能圆满。,被天格克者病弱、困苦有之。,中吉之数、进退守保、生意安稳、成就普通。,女性持家兴旺发达，名利双收，男性地利人和、易失天机，财运普通。,"(1)善良和祥之象，有智达的能力，在文艺、技术 方面更能发展，若怀大志，想做大事者，须用最大的气力，彻底的节义，【胆要大，关系上下要分明】，以补不彻底的赋性和权威号召力。因其少胆量气魄，此数实为保守的、平安的吉数，女性最好。男性消极。
(2)脑子中充满创新，为人心地善良、忠厚，但处事消极，个性开朗，能广结善缘，能得朋友贵人相助，一生中也能自给自足。才能好，博学多艺，对文学艺术能获得成就，为人温和，而稍嫌守旧封闭，因此不足为首领格，很多事无法仰赖他人而须自立更生，但如有贵人相助较能成功。此数为保守温和之数，故较适于女性取之。兴趣广泛，学习却不精，虽可成通才，却不易在工作上达到顶尖成就。生活小康，喜欢清闲，善于安排人生，待人谦恭，婚姻美满。"
36,65,凶,波澜重叠，沉浮万状，侠肝义胆，舍己成仁。,波澜(波澜重叠),"风浪不平的枉费心力数
凶数运（表示逆境、沉浮、薄弱、困难、多灾等）。",将星、学士、文昌、文艺、破厄、凶煞、崩山、劫财。,六亲不得力，夫妻离合，子媳宜退，应多做善事，以多极德。,短命、病患、外伤、废疾，三才善良者可望安康。,波澜重叠、常陷穷困、动不如静、才有保命。,虽有贵助，表里不一，看似富有，实质很苦，一时富有，谨慎大落。,"(1)为波澜重叠，浮沉万状的英雄运。为侠气义情，敦厚舍己成仁之格，一生难得平安，辛苦困难很多，袖手不进则不致有大害，若愈活动愈生波澜，大变动，大衰败，甚至酿成于失败的沦落，与其他运配合不善者，病弱、短命、孤寡、危难等万所不致。（宜静不动，可少灾难。此数变怪，有难时，灾难不断）。
(2)好像很容易遇上不满之事，或无端卷入是非纠纷中，因为人豪爽讲义气及容易管闲事，一生中为人打江山而不求回报，当自己有困难时，却不一定能得到别人帮助，真是舍己为人。为人智谋双全，但缺乏自主性及进取之心，故自己比较无法成事，而为他人谋事，却能获成功。乃有军师之才而无主管之格，如一心想工于心计，容易忧劳成疾。为人爱面子，常为财所苦，真是叫富屋贫人，外华内虚，也易受他人牵累。"
37,95,大吉,权威显达，热诚忠信，宜着雅量，终身荣富。,猛虎出林,"权威显达，发展基业数
首领运（智慧仁勇、立上位、能领导众人）。
吉祥运（表示健全、幸福、名誉等）。
刚情运（性刚固执、意气用事）。",将星、官禄、视部（医士）、文昌、艺术、权威、祖业。,家庭和睦圆满，慎守女德（温柔），则有可望。,长寿多，先天五行或人格被克者，易患疾病，少数为心脏病。,逢凶化吉、吉人天相、以听取众、必成大功。,可得余荫、德高望重，财富普通，如能进取，荣华富贵。,"(1)独立、单行、权威、忠实、奉劝、无比之势，和畅通达，热情忠烈，消重病，破万难而成大业，慈祥有德，善于发挥才能，享受天福之幸，终身富荣之极，但因权威独行，而难免有孤独之感，宜养雅量，留神和平。
(2)一生做事恩怨分明，遇事能突破万难，如创业也能成功，算是智仁勇三全。财运丰厚，易受别人尊敬；当遇上困难时，能激起不屈不挠的精神，能以德服人，而得到声望。为人忠诚，言行合一，且具有独立的气魄，应可顺利发展获得成功。但此数理含有刚毅之数，故宜涵养德性，否则有损吉祥。是一个天生主管的格局，年轻时易当老板，待人宽厚，重生活享受，慷慨大方，也受尊敬及多数人欢迎。"
38,67,半吉,意志薄弱，刻意经营，才识不凡，技艺有成。,磨铁成针,"意志薄弱的刻决心数
次吉祥运（表示多少有些障碍，但能获得吉运）。
艺能运（富有艺术天才，对审美、艺术、演艺、体育有通达之能）。",将星、学士、臣将、神童、技艺、凶煞、伤害。,亲情冷淡、兄弟无助、宜平和可圆满。,灾祸、外伤、肺病，三才善良者尚可安康。,名虽可得、利则难获、艺界发展、可望成功。,官运亨通、清廉高升，财运普通，子孙享福，否则落魄。,"(1)非无大志，实乏统率的威望，缺乏首领的才干，屈于有志而乏其力，不得众信，一种薄弱平凡之相，自然易陷于不幸失意而难以成功。但文学、技艺方面发展，则有较强的上进能力，故此数是艺术成功数。
(2)生来聪明且博学多闻，做事也脚踏实地，但意志稍嫌薄弱，以致荒废事业而自失前程。一生精通研究策划、艺术，在学术方面有发展潜能，但执行力稍嫌不足，不适担任主管职位，如勉强领导则会力不从心，难成大事。因意志薄弱难以贯彻志望，虽具才学，但未能量力而为，有好高骛远倾向，以致一生平平凡凡到老亦难有成就。"
39,89,吉,富贵荣华，财帛丰盈，暗藏险象，德泽四方。,富贵(富贵荣华),"富贵荣华的变化无穷数
首领运（智慧仁勇、立上位、能领导众人）。
吉祥运（表示健全、幸福、名誉等）。
男性双妻运（异性缘旺盛）。",臣将、文昌、艺术、智能、财库、进田、富翁、突变。,安宁自在，可望圆满，后代旺盛，三才不善良者则不圆满。,可望安康、三才不善者有病弱。,云开见月、虽有劳碌、光明坦途、指日可望。,额外收入，可成巨富，子孙享福，谨慎灾难，发达到老。,"(1)此数为祸乱一过，反成幸福贵重之格。权威、长寿、财帛丰富，德泽四方，财富盈身，富贵致极，暗藏着悲惨的凶象，所谓物极必反，切轻用之，妇女若有此数者必陷于孤寡，富极生悲，一般常人受不起，先灾而过得了，即有后福，先好而后惨，短命、病弱、残废。
(2)一生中精力充沛，多才多艺，个性积极活泼，社交能力强，容易成为杰出政治家或企业家。此乃贵气之数，有否极泰来，富贵、长寿集于一身之象，是为众所钦佩之数。但有时会物极必反，阳生阴，阴生阳，乱了磁场，不能不谨慎。用钱很大方，恩怨分明，容易被评为爱出风头，个性急，在平稳中显不出威力，当面临困苦时，反而易成就功名。"
40,45,凶,智谋胆力，冒险投机，沉浮不定，退保平安。,退安,"谨慎保安的豪胆迈进数
凶数运（表示逆境、沉浮、薄弱、困难、多灾等）。",将星、学士、文昌、豪杰、胆量、凶灾、厄祸、劫财。,亲情疏远。兄弟分离。,凶病、胃病、外伤、残废、短命、三才善良者可弥补。,一成一败、浮沉不定、知难而退、自获天佑。,有财不多，得一花二，如有大财，必有大落。,"(1)富智谋，有威望，然含不逊之心，（不存好心）。乏威望，易受诽谤攻击，处于浮沉、吉凶的岐路上，好冒险投机，依其他运关系，有酿成刑伤罪者，有陷入病弱、短命、孤独者等，有发奋图强者反招失败者，故此数为进展而招灾祸。退之仅保稍安的运数。
(2)一生中才智聪明，理想过高，对任何事都充满兴趣，但就是不易持久，也不易达到应有荣耀，若能安守本份，一生则可保平安。为人足智多谋，胆识过人，骄傲不逊，易受抨击，因之缺乏威望，一生也喜好冒险，投机取巧，为不吉之数。理想抱负多，也能积极进取，但最后成功的事业，往往不是自己原先的愿望，一生财禄虽不错，但出手大方，喜好排场，易生失败，要好好改进。"
41,98,大吉,纯阳独秀，德高望重，和顺畅达，博得名利。此数为最大好运数。,有德,"德高望重的事事如意数
首领运（智慧仁勇、立上位、能领导众人）。
富贵运（多钱财、富贵、白手可获巨财）。
吉祥运（表示健全、幸福、名誉等）。
男性双妻运（异性缘旺盛）。",将星、太极、名人、学者、学士、官禄、财库、福星。,家庭圆满，子孙旺盛，地格被克害者不遇。,可望健康长寿，三才不善者不遇。,天赋吉运、德望兼备、继续努力、前途无限。,天时地利人和，德高望重，事业很好，财富中层、子孙享受。,"(1)纯阳独秀的吉数，胆力、才谋具备，健全、有德、和顺、能成大气大业。博得名利的最大好运数。
(2)为人宽厚，男性之最吉数。为人处事光明正大，肚量宽大且朋友多，智仁勇兼备，英雄出少年。上司及部属多为贵人，一生道途平顺，有如明月当空，心地善良。为人慈祥，才智胆识都有，向上前进，能成大事业博得好名利之吉祥数。"
42,66,凶,博识多能，精通世情，如能专心，尚可成功。,寒蝉在柳,"数十艺九不成的穷困数
凶数运（表示逆境、沉浮、薄弱、困难、多灾等）。",君臣、部将、官星、文昌、劫煞、灾厄、凶变。,亲情无义、朋友无缘、妻子反目、三才善良者则无妨。,病弱、病危、或者伤残。须三才善良者可得安康。,事业不专、十九不成、专心进取、可望成功。,多才多艺、很难赚钱，如果消极、一贫如洗。,"(1)博识多能、有技术、精通世情。无奈十艺九不成，多薄弱、不如意，缺少自信心，为寂寞悲苦之象。失意之态，如果专心进取，也可以成功，或不然必是大失败，此数中也有孤独、病弱者。多艺不成必是穷。
(2)虽聪明灵巧，但有一意孤行的倾向，一生想追求超乎现实的愿景，但不一定能成功，此个性适合做研究、开发工作。一生兴趣多，博学而不精，热心但不易持久，心地善良乐助人，交游广阔，能得人助且多才多艺，博得虚名。唯缺乏恒心毅力，做事不专一，多才少成，中年后恐怕会陷入逆境，为人具有感伤的气氛，宜培养文艺方面，潜心钻研当有所成就。"
43,52,凶,散财破产，诸事不遂，虽有智谋，财来财去。,散财(散财破产),"须防邪途的灾害加重数
凶数运（表示逆境、沉浮、薄弱、困难、多灾等）。",将相、文星、艺术、学者、凶星、灾厄、伤残。,妻弱无助，子多不孝，心心相印，三才善良者无妨。,病弱、外伤、短命、三才善良者可平安。,雨夜之花，外祥内苦，忍耐自重，转凶为安。,挥金如土、落魄之相，即使发达，一夜清光。,"(1)散财破产运，因循姑息，有如夜雨之花，薄弱散漫之象，虽有才能知识，但意力不确实，诸事不能逐行，外观幸福，内多困苦，表现俨然成事，里面不堪设想，如果妇女有此数，再加上其他格的关系，易陷入荒淫而不能善终。
(2)给人感觉注重生活品味，一生中桃花多，为人责任心重，做事认真积极，为人恩怨分明，主观强，很容易一意孤行。用钱很大方，恋爱机会多，容易为情所困，虽能建立一时爱情，但基础不够坚稳，难免功败垂成。为人稍具才能，巧饰外表，掩藏劣点，如常故弄玄虚，终会露出马脚，因之失去信誉，宜脚踏实地，实事求是，才能有所成就。"
44,55,凶,破家亡身，暗藏惨淡，事不如意，乱世怪杰。,烦闷,"愁眉难展的力量有限数
凶数运（表示逆境、沉浮、薄弱、困难、多灾等）。",文昌、学士、财库、灾厄。,骨肉相疏，兄弟不和，能忍者平和 。,发狂，刑罚，病灾，烦闷，遭难，短命。三才善良者可望安康。,虽用心计，事难逐愿，贪功好进，必招失败。,累死累活，收入微薄，聪明过头，落魄人生。,"(1)家破亡身的最大恶数，暗藏惨淡非运，破坏、离乱之意，因此万事不能如意，逆境、烦闷、劳苦、病患、废疾，遭难，家属则生离死别，或因其他运的关系而发狂短命，但乱世出的怪杰，伟人，烈士，孝子，大发明等也出自此数。
(2)思想上感觉怪异，为人也超现实，不擅交际，金钱支配比较无计划，心中有理想，宁舍弃安逸享乐生活而去追求，以致精神生活不安，有时为人意志消沉，缺乏动力，故诸事不顺，多遇失败，以致身体病弱。中年后有发狂之象。但数理中，有隐名之怪杰、伟人、烈士、孝子或节妇也有出自此数。是一个爱憎分明，一生获得少，帮助也少之数理，一生经历漫长艰苦奋斗，很难一夜之间成功。"
45,98,大吉,新生泰和，顺风扬帆，智谋经纬，富贵繁荣。,顺风,"新生泰和的万事如意数
首领运（智慧仁勇、立上位、能领导众人）。
吉祥运（表示健全、幸福、名誉等）。",部将，军臣，文昌，学士，艺术。,可望圆满，子孙昌盛，三才不善者不遇。,安康长寿，人格被克者不遇。,杨柳遇春，绿叶发枝，冲破难关，一举成名。,天时地利人和，一帆风顺，名利双收。,"(1)顺风扬帆子象，经纬深，智谋大，可成大业，克服万难，而成功，富贵繁荣至极。但若与其他运的凶数结合，即如浪中失舵之船，易遭灾难。
(2)此数温和大方且人缘佳，很受别人欢迎，看来性格较被动，容易获得贵人帮助与提拔，因兴趣多，但耐性差，所以常常是先苦后甘，出身虽不好，但能立定志业，善用智慧，有一切操之在我的决心，最后终有所成就。但时运差时，有时常遇事不做决定，就错失良机，若与运强者合伙共事，较易施展才华，为人好面子，不计较小事，算是不错之格。"
46,48,凶,载宝沉舟，浪里淘金，大难尝尽，大功有成。,浪里淘金,"须防复失的离祖破家数
凶数运（表示逆境、沉浮、薄弱、困难、多灾等）。",臣将，将星，学士，豪杰，文昌;凶厄，破财。崩山。,亲多而乏子媳，三才善良者可弥补。,刑罚，病弱，短命，外伤，暗伤，三才善良者可望健全。,坎坷不平，难难重叠，若无耐心，难望有成。,黄粱美梦、好景不长，一觉醒来，见到阎王。异常富翁，也是有之。,"(1)载宝沉舟之象，乏力薄弱，悲哀，困难，辛苦，破坏性失败者多，然而属一类变怪的命运，有大艰苦尝尽后而成功者，或依其他运的关系。致到外陷孤独，刑罚，病患等灾祸。总之，是难免于不幸的命运。
(2)此数为独立不怕艰苦之数，但此生工作事业不顺，常遭变数而功败垂成，为人意志薄弱，较易逢挫折，也易步入歧途，而身陷牢狱。一生难入顺境，家族及六亲缘薄，事业失败等不幸，应以服务心为重，方可转为幸运。须自立更生才能得财，一生中难得到意外之财，能适应任何环境，当得意时，却又容易受别人牵累或身体疾病的打击，而必须从头再起。"
47,98,大吉,花开之象，万事如意，祯祥吉庆，天赋幸福。,点石成金,"开花结果的权威进取数
首领运（智慧仁勇、立上位、能领导众人）。
吉祥运（表示健全、幸福、名誉等）。
刚情运（性刚固执、意气用事）。",君臣，将星，文昌，学士，艺术，高傲，食禄，财库。,家庭圆满，然时有争执，三才善良者和睦相处。,可望健康长寿，三才不善者，也有病弱，，短寿的可能。,有贵有助，可成大业，虽有不幸，浮沉不定。,伯乐之相，名气很旺，谨慎行事，子孙享福。,"(1)开花之相，祯祥吉庆之数，可享天赋的幸福，与朋友合作成大事大业。真是进可攻，退可以守，可造福于子孙的吉运。
(2)一生中平顺度日，凡事能心想事成，人际关系和谐，偶遇困难，贵人会来协助，在生活过程中，常能逢凶化吉，做事总能脱颖而出，凡事刚开始时有拘束不如意，但时机成熟时，自能出人头地，家庭美满，子孙贤孝之大吉数。一生交际广，乐于助人，虽花费大，但财运丰，对部属宽厚，擅长为人排解纠纷，在外人缘特好。"
48,95,吉,智谋兼备，德量荣达，威望成师，洋洋大观。,青松立鹤(古松立鹤),"德智兼备的出身清贵数
吉祥运（表示健全、幸福、名誉等）。
艺能运（富有艺术天才，对审美、艺术、演艺、体育有通达之能）。",将星，官禄，文昌，学士，技艺，财库。,家庭圆满，三才不善者不遇。,良好，可望长寿，三才不合者不遇。,美化丰实、鹤立鸡群、名利俱全、繁荣富贵。,辉煌腾达、名利双收、荣华富贵、富甲一方。,"(1)才能谋略齐备，有德量，含坚刚，为功，利荣达的吉数，宜为人的顾问，威望洋洋，乃为师表。
(2)此数为容易间接掌握大权，做事能脚踏实地，虽不出名，但负重任，为幕后功臣。一生专精策划与协调，是一个足智多谋之人，是为军师之格。但为人性情镇静，略近消极，是一个有计划、有策略之人才。最好做谋士、顾问之工作，很适合与果敢勇断之士合作。一生贵人多，能受器重、受提拔，而得以一展长才，乐于助人，外缘好，重享受，用钱大方，财虽多，但开销也颇大。"
49,48,半吉,吉临则吉，凶来则凶，转凶为吉，配好三才。,转变,"凶吉难分的不断辛苦数
次吉祥运（表示多少有些障碍，但能获得吉运）。",将星，文昌，智谋，学士，凶星，散财，巨富,六亲不得力，子媳宜迟。,凶灾，病患，外伤，短命，三才善良者可弥补长寿。,遇吉则吉、遇凶则凶、惟靠谨慎、逢凶化吉。,财富上门，两袖清风，可望发达，反之落魄流亡。,"(1)处于吉凶的歧路，吉临则大吉，凶来则又来大凶，所以成败极其浩大，有处大凶而其他方面化吉者，其幸福与不幸福，专靠三才的配合的好坏，以及其运的关系显现，但多陷于灾祸，是大失败者或是大成功之人。
(2)此数为一生如浮萍，居无定所，多生变动，生活容易陷入苦闷，创业过程总徘徊在不安定中，意识主观强，恩怨分明，性急缺耐性，做事常常半途而废，一生很难得到别人帮助。此数为忽东忽西，时南时北，飘动不定，是为吉凶不定之数。平常如不知开源节流，常为钱苦。"
50,56,凶,一成一败，吉凶参半，先得庇荫，后遭凄惨。,小舟进海(小舟入海),"吉凶参半，须防倾覆数
凶数运（表示逆境、沉浮、薄弱、困难、多灾等）。",将官，文昌，财钱，灾厄，离别，散财，,亲眷多而无助，靠自己的努力而奋斗。,刑罚，杀伤，意外之灾，外伤。白痴。狂癫等疾，三才善良者无妨。,吉凶互见、一成一败、凶中有吉、吉中有凶,贪功好进，必有大落，讲信修和、也可发达。,"(1)成（为）一败之象，先得（五）字的数理庇荫，而成大功，享受富贵后（三才凶数被制服可望成功）。由盈数（凡十位数）的暗示诱导而陷于失败，甚至，亡身破家于晚年，凄惨至极，若其他运又有凶数者，则是惨上加惨，杀伤，离愁，孤寡频临，甚至于刑罚，
(2)此数容易在巅峰时突然走下坡路，一切好景不常，凡事应退守为吉，持盈保泰，以维持良好局面。一生温和谦虚待人，评价甚高，贵人多助，容易成名，但往往因自满又一意孤行，而尝到失败，幸贵人多助，才能够东山再起，为人外表上，看似有魄力，而内心却柔弱，易走投机路线，易造成好景不常。似会有六亲缘薄、亲人易分离、事业失败等之象，如以道德为重，或许能转为幸运。"
51,66,半吉,盛衰交加，波澜重叠，如能慎始，必获成功。,浮沉(沉浮),"盛衰交加的竭力经营数
次吉祥运（表示多少有些障碍，但能获得吉运）。",文昌，学士，节度，时禄，劫煞，败退。,时有争执，宜守和平，三才善良者可得圆满。,人格被克者（及反克者），灾厄病患，三才善良者安康自在。,一盛一衰、浮沉无常、自重自处、可保平安,天时地利，人和不佳，一时财富，中途挫折。,"(1)一盛一衰之象，必然可得昌盛，博得一时名利，然后发现运中自然的凶兆。到晚年出挫折，困苦，逐至失败。
(2)此数为理想高，能奋力达成愿望不畏辛苦，能少年得志享有声望，对部属要求甚严之数，人生较不擅处理人际关系，如不妥善处理，容易阳、阴互克，物极必反，产生乐极生悲之象。早年就可享天赋异秉福份，无奈于中年后即陷入落魄困苦之境遇。为人性刚、骄傲，易失人和，请好自为之，一生若能独立奋斗就能事业有成，因为不重享受，把工作当娱乐，能享受工作乐趣陶醉在其中。"
52,95,吉,卓识达眼，先见之明，智谋超群，名利双收。,达眼,"先见之明，理想实现数
富贵运（多钱财、富贵、白手可获巨财）。
吉祥运（表示健全、幸福、名誉等）。",元帅，医师，文昌，技艺，财库，官禄，财星。,幸福，顺从行孝，子女和睦，三才不善者不遇。,可望安康，长寿，人格被克者不遇。,草木逢春、雨过天晴、渡过难关、即获成功,努力奋斗、眼光长远，一举成名，名利双收。,"(1)属于一跃将伸之象，势能强大，无（没有）中生有的运数，有先见之明，计划不误，眼能察时世，富投机心，有谋略，他人之难不为难，实现大志大业而名利双收，是因为有眼光而成功的。
(2)一生会为理想而勇往直前，为人聪明能干，但时运不济，有怀才不遇之感，容易功败垂成。易遭外伤，能洞察先机，能见机行事，因之易得机会一跃成功，博得名利双收，有鲤鱼跃龙门之象。中晚年则需小心，因待人很温厚，常有贵人来助，可惜容易受制于意外事故，有一些事无法如愿。"
53,68,凶,外祥内患，外祸内安，先富后贫，先贫后富。,曲卷推车(曲卷难星),"忧愁困苦，先苦后甜数
凶数运（表示逆境、沉浮、薄弱、困难、多灾等）。",伟人，学士，时禄，磨难，灾厄，劫煞。,亲眷薄情，乏子息。,病灾，祸患，外伤，刑罚，，三才善良者合化可弥补。,盛衰参半、外祥内苦、先吉后凶、吉中有凶。,劳累奔波、虚伪人生，万贯家财，一夜耗尽。,"(1)外观俨然吉庆祯祥，内实障害祸患甚多，若非前半生不幸福而后半生幸福，便是前半生富贵而后半生落魄，及盛衰参半的运数，一但陷入凶煞，大多破家亡身，即使得吉数他运相救，也仅保稍安而已。
(2)此数为早年顺利发展，晚运略为衰微之数，易遭受失败打击，而自暴自弃，虽能东山再起，却不易积极掌握。外表虽风光炫耀，其实经济拮据，可谓是富屋贫人之象。有此数，家人容易不合，人事处理不好，财物容易散尽，容易陷入逆境。
此数大多出生富贵人家，在工作上喜欢指挥别人，早运出类拔萃，易养成娇气，中年一旦受打击，便不易改变自己习性，自甘堕落，排斥他人的帮助，以致一蹶不振。"
54,38,凶,石上栽花，难得有活，忧闷烦来，辛惨不绝。,石上栽花,"多难悲运的难望成功数
凶数运（表示逆境、沉浮、薄弱、困难、多灾等）。",文昌，技艺，凶灾，劫煞，时禄，灾厄,父母过客，兄弟似残星，若和睦相处，亦可无大过。,病灾，遭难，残伤，短命，三才善良者可望健全。,虽倾全力、难望成功、此数大凶、最好改名。,虽有好运，能力不足，人和大失，财运普通，异常发达，也有奇人。,"(1)为大凶煞的暗示，悲惨不绝，不和，损伤忧闷频来，逐致倾家荡产，或患废疾，刑罚，短命，孤独等，其中也有前半生世幸福或富有。（富极者生悲）。
(2)此数为理想太高，超越现实之数，因有愤世嫉俗之个性，所以渐渐不容于社会，而只能孤芳自赏，有时会为疾病烦恼，精神疲累。有志难伸，是郁郁不平之数，凡事多阻碍而难成就大事业，有时易与人不和，或有身受意外变故之不祥数。大致前运略佳，但后运不好。为人性情冷僻，刚强自恃，久而久之就会与社会隔绝。"
55,67,半吉,善善得恶，恶恶得善，吉到极限，反生凶险。,善恶,"外祥内苦的和顺不实数
次吉祥运（表示多少有些障碍，但能获得吉运）。",官星，技艺，文昌，学者，灾厄。,亲眷相忌，父母老病，尽心忠孝可无大过。,三才善良者可望健全，否则不遇安康。,外观昌隆、内陷祸患、克服难关、开出泰运。,表面荣华，有名无实，有劳无功，危机四伏。,"(1)五数为最吉数，五上添五，乃是最吉生叠，反而生凶相了，故表面颇为隆昌，而内里则灾祸迭生，凡是不能安心，危难，别离，病患等无所不至，因而是吉凶相伴的运格，意志薄弱者，绝无立身之地。善能振雄威，坚心固志，突破万难，也可能有成功之日。（大多后运不吉，凄惨之运格）。
(2)此数为外柔内刚之数，一生贵人多助，凡事能按部就班，能实现理想而至成功。然此数5，为阳之极，55阳极加阳极，不但失去阴阳调合，且物极必反，该多接触双数即可中和。外观看似风光得意，内心却充满辛酸，不如意之事，层出不穷。若有坚定心志，忍耐努力，后运也许可以渐入佳境。容易为他人之事劳心，一生中耐力强，能由基层做起而得到上司提拔的机会。"
56,48,凶,历尽艰辛，四周障碍，万事龃龌，做事难成。,浪里行舟,"历尽艰辛，四周障害数
凶数运（表示逆境、沉浮、薄弱、困难、多灾等）。",豪杰，文昌，时禄，文艺，红艳，灾厄，伤残。,不可靠亲享福，宜离祖自立。,外伤，病患，残废，短命，三才善良者可望健全。,事与愿违、终难成功、欲速不达、有始无终。,积德行善，耗尽家财，败家之相，难以发达。,"(1)缺乏实行的勇气，缺乏进取的气象，有损失，灾厄，亡身等等，是所谓祸不单行者，万事龃龉，精力不足，乃晚景最凶的运格。
(2)此数在创业过程中，易遭多方阻碍，难获长辈庇荫，需靠自行发展，白手起家，早运辛苦，行事不顺，因而容易遭突来的打击而失败，前途暗淡。个性柔弱，耐性稍差，一遇挫折便失去信心，好像缺乏进取之精神，难成就大事业。宜养成坚忍不屈之个性，发奋努力到底才能成功，也因亲朋好友助力少，也容易受他人牵累而造成损失。"
57,88,吉,寒雪青松，夜莺吟春，必遭一过，繁荣白事。,月照青松(日照春松),"寒雪青松的最大荣运数
吉祥运（表示健全、幸福、名誉等）。",官禄，文昌，学士，艺能，时禄，财库，进田，,父母尊严，时有冲突，三才善良者可圆满。,健康自在，可望长寿，三才不善者不遇。,虽有困难、时来运转、旷野枯黄、春来花开。,天降吉运，荣华富贵，谨慎厄运，辉煌腾达。,"(1)寒莺吟春之格，资性刚毅，获天赋之幸福而招致富贵，但一生必遭大难一次，然后才得享吉祥。繁荣百事可以如意（三才不善者无望）。
(2)早运较差，历经层层磨炼，中年后就能获得财富与地位。待人严肃且要求高，部属容易受不了。一生中不重生活享受，展现坚强意念，故为人有魄力与耐心，能克服艰难环境，争取成功，受人赞赏，因天资聪明，积极且外向，克服困境终获成功。全心全意放在事业发展上，一定有一番成就，唯人际互动稍欠和谐。"
58,66,半吉,沉浮多端，先苦后甜，宽宏扬名，富贵繁荣。,晚行遇月,"先苦后甜，宽宏扬名数
次吉祥运（表示多少有些障碍，但能获得吉运）。",官禄，文昌，学士，技艺，灾厄，伤残。,亲情少联络，兄弟姊妹疏远，须相互信任。,伤患，刑罚，外伤，三才善良者可望平安长寿。,半凶半吉、浮沉多端、始凶终吉、能保成功。,一生迷茫，中年前财运不佳，如能长寿，晚景荣华。,"(1)浮沉多端，祸福无常，所得福分，必经大失败大患难后方能显著，家破产亡后方得富贵繁荣。大都蔗尾生甜，晚年享受余庆。（命薄者无望）。
(2)此数为早年环境多变之数，中年以后才比较容易成功，前半生事业方向较不稳定，历经数种行业磨炼，中年后用心奋发，脚踏实地，终能闯出一席地位。颇有失而复得之象，一生中大致先遇上破财意外之后，因具有不屈不挠之斗志，得以重建家业，终生安乐之数。虽然才智高，但博学不专，因待人诚恳，朋友颇多，一生受到朋友帮助很大。"
59,44,凶,寒蝉悲风，意志衰退，缺乏忍耐，苦难不休。,寒蝉悲风,"时运不济数
凶数运（表示逆境、沉浮、薄弱、困难、多灾等）。",官星，福星，文昌，智能，灾厄，伤残，财库，破厄。,亲情无缘，子女背井离乡，劳碌奔波。,病患，刑罚，短命，三才善良者可望平安。,遇事猜疑、难望成功、大刀阔斧、（开）始有可成。,一时顺利，不能长久，命理不一，有悲有喜。,"(1)乏忍耐，缺勇气，意志衰退，无办事的能力，终于愁苦一生。
(2)为人性急，理想高，不屈人下，容易与别人发生是非纠纷，造成意外麻烦；为人也不安于现状，欲望大时，时时在求变化，因急躁，耐心不足之个性，所以易遭失败。虽多才多艺，但为人缺少胆识，遇事迟疑不决，因之无法成就大事业。如遇有困难，即裹足不前，缺乏进取精神，以致无法成功，身体方面身体较差，容易有外伤，人际关系较差，不易得到别人帮助，若能放下身段，中年以后运势可望好转。"
60,54,凶,无谋之人，漂泊不定，晦暝暗黑，动摇不安。,无谋,"争名夺利，黑暗无光数
凶数运（表示逆境、沉浮、薄弱、困难、多灾等）。",官星，将星，文昌，智能，技艺，灾厄，伤残。,祖宗无基（荫），亲友无情，兄弟无缘，三才善良者可弥补。,刑罚、或外伤、病疾，或短命。,黑暗无光、心谜意乱、出尔反尔、难定方针。,虚有富贵，攀比虚荣，心计虽多，如赛一般。,"(1)属晦冥黑暗（事业前途黑暗。或健康：失明、心谜），摆动不安的凶兆，方向不定，尽任风波的运格，无谋不算而计划，岂能成功；难免失败苦恼或刑罚，杀伤，或疾患，伤残，或短命等。
(2)具有强烈不服输心态，一心想追求投机行业，很容易受到意外打击，造成困扰。天生具反抗心，常违背长辈，不听规劝；以致黑云罩月、光芒难现。一生中意志不甚坚定，随兴而发，人生毫无计划，以致无所成就，也易招损失财物，陷入困苦烦闷之境。个性孤傲与人寡和，容易有自闭倾象，形成事业困境，易遭意外、财损，造成心情空虚，也容易有桃花纠纷。"
61,98,大吉,牡丹芙蓉，花开富贵，名利双收，定享天赋。,牡丹芙蓉,"名利双收的修炼积德数
吉祥运（表示健全、幸福、名誉等）。",将星，文昌，福星，技艺，财库，财帛，破厄。,自立（白手）成家，衣食丰盈。,可望安康，长寿三才不善者不遇。,云遮半月、骨陷风波、应有谨慎、能保平安。,若修德行善，高官厚禄，锦绣前程，个体经营，名利双收。,"(1)名利双收，繁荣富贵的吉兆，无奈傲慢不逊，酿致成内外不和，家庭反目，兄弟隔于墙，表面装饰堂煌，里面空虚，如果能修德慎行，且守和顺，自可防凶于未然，享天赋的幸福，一生受尽祯祥。
(2)此数为勤劳奋发，自主独立之数，待人宽厚，乐于助人，能勇往直前，不畏艰苦，能在社会上建立良好事业与财富，为坐收名利，富贵荣华之吉运数。无奈为人太过豪迈刚毅，以致内外不和，可能有缠讼之事发生，故宜修心养性，宜保持人和，即可享天赋之福。有时候有利己主义，不擅应酬交际，一生多靠自己，别人助力少，身体健康，不重享受，一生无大灾难。"
62,46,凶,衰败之象，内外不和，志望难达，灾祸频来。,衰败,"基础虚弱的艰难困苦数
凶数运（表示逆境、沉浮、薄弱、困难、多灾等）。", 国印，文昌，虚度，将星，技艺，灾厄, 亲情疏淡，骨肉分离。, 伤残，外伤，刑罚，短命，灾厄，三才善良者可望安全。,烦闷懊恼、事业难展、自防灾祸、（开）始免困境。,行行都会，只欠天时地利人和，一生难以出人头地。,"(1) 内外不和，缺乏信用，志望难达，渐入衰败之境，意外灾害频来，属身弱家废，步步凶惨之数。
(2)此数为智慧高超，反应灵敏之数，个性叛逆，一意孤行，但缺乏领导魄力及手腕，因此往往在理想付诸实现时，易有人事不协调困扰。属天地不交，万物不通，内柔而外刚之格，表里不一善掩饰，有失信用，易与人不和，而导致运途困顿。有时待人宽厚，但耐心却不足，做事容易半途而废，易遭小人陷害造成损伤，如果能不担任实际执行或领导的工作较易成功。为人好面子，一生尽力求表现，却未能评估自己能力，容易外华内虚，需改进改进。"
63,95,大吉,富贵荣华，身心安泰，雨露惠泽，万事亨通。,舟归平浦(舟归平海),"富贵荣华的身心安泰数
吉祥运（表示健全、幸福、名誉等）。", 官禄，将星，文昌，艺能，财库，田宅，工商。, 子女多孝，顺从敬爱，圆满之象。, 可望长寿，安全自在。,万物化育、繁荣之象、专心一意、必能成功。,荣华富贵、能文能武、财源亨通、名利双收。,"(1) 万物承惠，雨露而发育壮大之状，属不费心神，万事如意，荣贤可传子孙的最大吉数。
(2)此数为进取向上，理想高，喜欢当首领之数，凡事都能逐一达成，功成名就，发挥长才。生性外向好动且宽厚，乐于助人，交游广阔，朋友多助，不需劳苦伤神，而能诸事如意，此数乃天之所赋也，很好。但是有时容易不安于现状，会有创新的想法，也能求新求变，真是天生老板主管人才。在身体健康方面没问题，事业成功，子女贤孝。"
64,44,凶,骨肉分离，孤独悲愁，难得心安，做事不成。,非命,"骨肉分离，孤独悲愁数
凶数运（表示逆境、沉浮、薄弱、困难、多灾等）。",将星，学士，技艺，灾厄，破财，劫财。,六亲多忧，妻子见破。,水厄，刑罚病患，外伤。三才善良者可望平安。,见异思迁、十（有）九不成、徒劳无功、不如更名。,聪明心计，心眼如针，虽有贵助，难以发达。,"(1)此数为破坏，别离，沉滞的凶兆，有意外灾害袭来，或骨肉分散，或病患非命临身，人生难得安心。
(2)本身虽很有才华，但因循怠惰，过于安逸，而颓废不振，喜欢不劳而获，终至失败，会有阴暗沉沦之象，大都出身不富裕家庭，或有待其重整家园之运数，如不力图振作，危危可急，无奈为人缺乏进取心，一意想改变也欲成就事业，却无魄力，终生不得志。心思变化虽灵敏，唯执行力较差，缺乏活动力，为人自尊心强，易受别人误会，不能忍受轻微挫折打击，易半途而废，缺乏恒心，身体欠安，无法从事辛苦工作，如能得到贵人牵成，则可平实过一生。"
65,98,大吉,天长地久，家运隆昌，福寿绵长，事事成就。,巨流归海,"富贵长寿的光明正大数
吉祥运（表示健全、幸福、名誉等）。",臣君，将星，官禄，文昌，技艺，财库，田宅，时禄。,祖业有根基，子孙昌盛，三才不善者不遇。,多施恩德则能益寿延年，平安自在。,吉运自来、能享盛名、把握时机、必获成功。,积德行善、天赋吉运，只要努力，富贵自来。,"(1)天长地久，家庭隆昌。福寿绵长，事事成就，一生平安，多贵重的气运。
(2)此数为事业有成，家庭欢乐圆满之数，思想新颖且多变化，前途光明通达，功成名就，受人尊敬，显贵之吉运数。为人忠厚诚实，待人和蔼，具有天赋福份，家门显贵、福禄、吉祥，为人宅心仁厚，待人宽律严己，一生长辈、贵人多助，亲友关系圆满，颇受好评，子女贤孝有成。"
66,48,凶,进退维谷，艰难不堪，等待时机，一跃而起。,岩头步马,"内外不和的多欲失福数
凶数运（表示逆境、沉浮、薄弱、困难、多灾等）。",将星、豪杰、灾厄、崩山、破败。,六亲冷淡不相投，兄弟姊妹疏远。,刑罚、外伤、亡身、残伤、短命。,黑夜漫长、进退维谷、内外不和、信用缺乏。,意气用事，难得人和，若一时富有，也会大起大落。,"(1)进退失自由，内外不和，艰难不堪，损害灾厄交至，大有身家破灭的凶相。
(2)个性固执而理想却高，一生中不容易获得别人帮助，自己又缺少魄力及手腕，容易陷入失败中。凡事力不从心，身体较虚，六亲缘薄，容易误信人言或遭小人陷害，劳心劳力真是有志难伸，性格稍顽固，以致内外不和，影响信用，屡受艰难挑战，终身难有所成。如果条件不足，不如安份守己，谋求一份固定工作。"
67,98,大吉,天赋幸运，四通八达，家道繁昌，富贵东来。,通达(顺风通达),"财运亨通的志气坚强数
吉祥运（表示健全、幸福、名誉等）。",君臣、将星、文昌、学士、刚毅、艺能、财库、进田。,父母多荫，子女多孝，圆满幸福，三才不善者时有争执，宜守和平。,安全，可望长寿，先天五行为火且三才不善者有肺病或呼吸器官疾病。,独营事来、事事如意、功成名就、富贵自来。,独家生意，财源滚滚，天赋吉运，名利双收。,"(1)受长辈、上级援助，万事无障碍而达到目的。承天助的幸运，实现志愿，家道繁荣、昌盛、富贵东来的好运数。
(2)做事善于变化，也善于外交，能察言观色，具有领导天赋，随和大方，注重生活品味，但稍爱面子。能获众人拥戴，在工作场合容易很早就当上主管或老板，好运四通八达，有开创新局之气魄，凡事能如意，终能靠白手起家亦能成功立业。财虽丰，但健康稍差，易有内疾外伤的困扰。"
68,95,大吉,智虑周密，集众信达，发明能智，拓展昂进。,顺风吹帆,"兴家立业的宽容好运数
吉祥运（表示健全、幸福、名誉等）。",将相、学士、文昌、财帛、荣誉、暗禄、进田、节度。,幸福，三才不善者不遇。,良好，三才不善者有肺病或心脏病。,思虑周详、计书力行、不失先机、可望成功。,聪明能干，把握时机，努力不懈、财富盈门。,"(1)智虑周密，志向坚定，勤勉力行，发展奋进之象，有发明的机能，群众信任、愿望发达，名实两全的吉运数。
(2)为人聪慧灵敏，个性坚忍固执，意志坚定，能从基层做起，建立事业。早运比较辛苦，中年运后贵人来助，从此能平步青云，财富名望水到渠成，为人慷慨大方，深受部属拥戴，为贤达进展之吉数，为人善察事物，意志坚定，能提振家声。尤具发明才能，贡献社会。一生财运丰硕，无大灾，能健康长寿。"
69,43,凶,非业非力，精神迫滞，灾害交至，遍偿痛苦。,非业,"坐立不安的外世多难数
凶数运（表示逆境、沉浮、薄弱、困难、多灾等）。",将星、财帛、学士、文昌、技能、艺术、破厄、劫财。,六亲不相投，兄弟难相处，不宜心直口快。,刑罚、外伤、病灾、伤残、短命。,动摇不安、常陷逆境、不得时运、难得利润。,虽有贵助、难以发达，灾难不断、命则难保。,"(1)穷迫、滞塞、逆境之象。缺乏坚定信心，灾害交至。摆动不安的凶运，甚至陷于短命、伤残或尝尽痛苦而死。
(2)一生意外多，理想高，生活苦闷，事业、身体多受打击，终将难有所成就。性急又缺乏耐性，自视高，人际互动差，常陷自己于孤立无援中，为浮动不安之数。一生不安于现况，事业又多陷于泥沼中，以致失意之余，有病弱或精神恍惚之象。
运程不佳，容易与人有财务纠纷，心力交悴，容易陷于愁困之中。"
70,45,凶,残菊逢霜，寂寞无碍，惨淡忧愁，晚景凄凉。,残菊逢霜,"家运衰退的晚景凄凉数
凶数运（表示逆境、沉浮、薄弱、困难、多灾等）。",官星（领袖）、学士、文库、巧艺、破厄、劫禄。,父母难当，兄弟无助，妻、子宜迟。,病患、废疾、外伤、短命。先天五行为金、木者可望健全。,惨淡经营、难免贫困、此数不吉、最好改名。,虽有贵助、利不急开消、若能积德行善，虽困而可得满寿。,"(1)险恶亡灭之象，一生惨淡，忧愁不绝，有空虚寂寞之感。难免杀伤，废疾、刑罚、离散等灾厄，不然便是世上无用之人。此数是官运亨通之数理，但是运过也凄凉。
(2)此数易与亲友有纠纷之象，或不幸之事牵连，常陷入愁苦不平中，无法面对现实而重新振作。为人心急，又好虚荣，对平静之生活没兴趣，然缺乏忍耐力，大多事会到中途而放弃，屡做屡败，因之身体较差，虽有助人之心，但往往自顾不暇，而易遭意外损失，如处理不当，亲友易反目，难以摆脱心灵创伤。"
71,60,半吉,石上金花，内心劳苦，贯彻始终，定可昌隆。,石上金花,"毫无实质的耗神耐劳数
次吉祥运（表示多少有些障碍，但能获得吉运）。",技艺、文昌、学士、破厄、劫禄。,时遇争执，宜守和平。,外伤、疾病。三才善良者安康。,吉凶参半、惟赖勇气、贯彻力行、（开）始可成功。,祖业万贯，坐吃山空，大起大落。如能谨慎，可享至老。,"(1)本有生成的吉兆，自应享受富贵福禄。无奈内心劳苦甚多，缺乏实行贯彻精神，进取的勇气不足，导致失败。故称吉凶参半的运数。
(2)外表坚强，内心软弱，一生会为理想勇往直前，容易功成名就，待人诚恳，一生长辈朋友多助，天生是享福之数。本可享受荣华富贵，无奈因缺乏持续力，又无忍耐之心，而无法守成，尤其是拥有此数之人，常常是杞人忧天，庸人自扰，闷闷不乐，像是不祥之数。一生擅为他人排解纷争，受众人爱戴，身体强健，精力旺盛，容易得到现成基业。"
72,63,凶,荣苦相伴，阴云覆月，外表吉祥，内实凶祸。,劳苦,"先苦后甜的万难艰辛数
凶数运（表示逆境、沉浮、薄弱、困难、多灾等）。",技能、官禄、出乡、工商、学士、财帛、田宅、破厄。,亲眷疏淡，妻、子宜迟。,可望健康，三才不善者不遇。,利害混杂、凶多吉少、得而复失、难以安顺。,一生劳碌，利不急开支，贪功进取，命则难保。,"(1)阴云蔽月之象，快乐贫穷兼而有之数。其前半生幸福，后半生悲惨，外观虽吉，内里生凶，甚至有晚年家破人亡者。平素戒贪心，可免陷困苦。
(2)个性柔弱却又倔强，早年生活安逸享受，犹如温室之花朵，不堪打击，容易屈服颓废。头脑聪明，却博学少精，为人好面子，会有眼高手低之象，若无贵人提拔不易成功。此数为风雨欲来之象，财到劫来，福至祸临，乃为吉凶相随之运数，因此一起一落难有成就。宜多接近权贵，远离小人，见机行事，也许有所成。身体较弱，容易劳累，也容易精神衰弱，该多注意身体。"
73,68,半吉,盛衰交加，徒有高志，天王福祉，终世平安。,无勇,"志高力微的努力奋斗数
次吉祥运（表示多少有些障碍，但能获得吉运）。",技艺、文昌、艺术、时禄、厄星、红艳。,六亲无缘、夫妻旗鼓相当，难为儿女。,良好，须防肝病和眼疾。,安乐自来、自然吉祥、力行不懈、终必成功。,意外收获，一帆风顺，坚持努力，出人头地。,"(1)盛衰交加之象，无实行贯彻之勇气，徒有高志而无成事之能，然而生福气，大都终世平安。
(2)为人保守、谦让，处事偏消极，虽有创业头脑，但不一定能成功，一向谦虚向学，乐于助人，外缘良好，安享平稳生活，但在工作上喜欢指挥别人，而放不下身段。一生想冲事业，但因缺乏进取心，徒具大志，以致平平凡凡中渡过人生，不过平安是福了。注重精神修养与嗜好，子女贤孝有出息。"
74,45,凶,残菊经霜，秋叶寂寞，无能无智，辛苦繁多。,残菊经霜,"沉沦逆境的秋叶落寞数
凶数运（表示逆境、沉浮、薄弱、困难、多灾等）。",技艺、文昌、时禄、破厄、红艳、劫禄。,妻子不知心，亲情无助、宜开朗心胸。,时遇伤残、病患、刑罚、短命，先天五行为土者安康自在。,利不及（消）费、坐吃山空、如不增阵、难望成功。,虽有财富，挥金如土，消极劳累，耗尽家财。,"(1)无能无智、仅取得衣食。真世上无有之辈，且易生意外之灾，辛苦繁多，沉沦逆境，哀叹命运。
(2)为人胆小且无能，依赖他人，精神生活不安定，如不学习独立，很难在社会上生存立足。此运属晚熟型，对长辈上司充满依赖心，心情阴晴不定，内心空虚，为人既无聪明才智，又乏进取心，凡事无力自行决定，常受制于人而动，故一生难有成功机会，到老恐陷入凄凉地步。如果意志不坚，容易半途而废，难达成功境地，很难在社会有所成就。"
75,48,半吉,退守保吉，发迹甚迟，虽有吉象，无谋难成。,退守,"守者可安，发迹甚迟数
次吉祥运（表示多少有些障碍，但能获得吉运）。",将星、学士、文昌、时禄、破厄、灾劫。,可望圆满。,安康。三才不善者有病患。,吉中带凶、欲速不达、进不如守、可保安祥。,积德行善、不愁米饭，贪功进取，必遭失败，谨慎行事，安然无是。,"(1)虽有自然之吉相，无奈策划不成，若要做大事，便招失败，退守可保吉祥，进取必陷于失意灾厄。
(2)外看似温柔，但主观甚强，思想新颖且多变化，口才也很好，容易被评为锋芒太露。对学术艺术具有天份，是一个博学多能，自视高之人，容易不知不觉中刺伤别人，造成自己的孤立。此数属保守平安数，有勇无谋无计划之能力，又乏主宰力，以致易受他人利用，若能保守不动，尚可保安，一生财运平平，如花费太大，容易为钱所苦，又不屑向人低头。"
76,40,凶,倾覆离散，骨肉分离，内外不和，虽劳无功。,离散,"倾覆离散，虽劳无功数
凶数运（表示逆境、沉浮、薄弱、困难、多灾等）。",豪杰、文昌、将星、劫禄、破财。,六亲不得力，夫妻分离，乏子息。,外伤、废疾，先天五行为金者平安。,此数大凶、破产之象、宜速改名、以避恶运。,劳累奔波、难得祖业，祖上若有，也难到手。,"(1)外不和、骨肉分离，逆境凶煞无限倾家破产亡身恶运数，故多病弱短命，妻子离愁。
(2)此数可能会有思想荒诞脱离现实之象，一生挫折多，亲友淡薄，一生需靠自己自力更生。本身自视高又缺耐力，做事常会半途而废，一生中常换工作，劳碌一生，多外伤或法律纠纷，为人无远大的抱负，又缺乏细虑，以致信誉、地位、事业都难得成功。"
77,68,半吉,家庭有悦，半吉半凶，能获援护，陷落不幸。,半吉,"家庭有悦的半吉半凶数
次吉祥运（表示多少有些障碍，但能获得吉运）。",将星、财帛、劫禄、破厄。,主亲（不包括外家）不得力，子媳宜迟。,须防肺病，先天五行为土者平安。,先苦后甘、先甜后苦、如能守成（果）、不致失败。,多劳少得、时有退财、合作事业，利润难得。,"(1)多获援护，幸福享至中年，然后陷落不平，悲叹灾厄，如果有悲运于前半生者，后半生却反得吉祥。
(2)一生劳碌，性急，容易因误信他人而受骗，幸好一生无大破败。此数为吉凶抱合之数，由兴盛转为衰败，性情过于刚强，处事又很随性，比较不能听取他人意见，以致易生不和，造成人生的伤害。健康良好，财运丰，能吃苦耐劳，唯欠圆滑，热心助人，却得不到感激。"
78,66,凶,祸福参半，先天智能，中年发达，晚景困苦。,无苦(晚苦),"晚景凄凉的功德光荣数
凶数运（表示逆境、沉浮、薄弱、困难、多灾等）。",将星、学士、技艺、破厄、劫财、突破。,亲缘少、兄弟疏远，宜多联络。,宜防呼吸病，负伤、遭难。后天三才善良者，可望健全。,有得有失、华而不实、须防劫财、才保安顺。,青年荣华，晚年困苦，谨慎退财，晚年安然。,"(1)祸福虽是参半，凶相较多一些，天生智能齐备，是以中年以前成功发达，及至中年后，渐自衰退，陷于困苦，大悲惨的暗示。
(2)此数为脚踏实地，坚忍不屈之数，早运先盛后衰，中年以后容易渐渐失去原有成就，恢复平淡。吉中有凶，为人颇有智能，但也固执，在前运时有发展机会，可惜运入中年之后，即陷入不佳境遇。故中年后宜谨慎守己安份，自可无忧。待人不够圆满，聪明反被聪明误，得意时，门庭若市，失势后，门可罗雀，晚运健康稍差。"
79,45,凶,云头望月，身疲力尽，穷迫不伸，精神不定。,云头望月,"挽回乏力的身疲力尽数
凶数运（表示逆境、沉浮、薄弱、困难、多灾等）。",将星、学士、技艺、破厄、灾厄、文昌、破财。,亲眷疏，兄弟不和，凡事谨慎则平安。,外伤，病患，可望平安。,如走夜路、前途无光、希望不大、劳而无功。,劳碌奔波，难以成功，虽有贵助，希望渺茫。,"(1)穷迫不解的逆境，精神不安，缺实行的能力，乏贞节，失信用，受攻击非难，为世所弃，成个废人，但身体却健康。
(2)一生中充满理想，但内心却消极退缩，缺乏进取之心，拥有此数，此生不易有所作为。为人好逸恶劳，若无贵人提携，容易随波逐流，一生中知攻不知守，一意孤行，有唯利是图倾向，缺乏信用，以致易生不和，信誉坠落，陷入失败地步。为人心善柔弱，与人交往宁愿吃亏而不与人争，稍爱面子，人际关系尚好。"
80,53,凶,辛苦不绝，早入隐遁，安心立命，化凶转吉。,循古(遁吉),"凶星人度的清本缩小数
凶数运（表示逆境、沉浮、薄弱、困难、多灾等）。",将星、技艺、学者、时禄、破财、灾厄。,家中口舌多，不可多言。,病患多，三才善良者可望平安。,得而复失、枉费心机、守成（果）不贪、可保安稳。,舍己为人，精神可嘉，若得回报光宗耀祖，反之凄惨一生。,"(1)一生困难辛苦不绝，病患、刑伤，夭折者多，但早入隐遁的生活者，可以安心立命，化凶转吉。
(2)总觉得空虚寂寞，人生在创业过程考验较多，不善事业经营，难以获利。此数有运势退气之象，事业失败，一生容易遭遇困苦，病痛，如理想过高，则易与人交往格格不入，自命清高不凡，容易被社会大众摒弃，造成精神空虚与不安。"
81,98,大吉,最吉之数，还本归元，吉祥重叠，富贵尊荣。,万物回春,"还原复始的积极盛大数
吉祥运（表示健全、幸福、名誉等）。",天福、天官、赐禄、将星、技艺、文昌。,子女俱佳，兄弟圆满，家庭和睦。,身心健康。可望长寿，三才不善者可能病患。,最极之数、还本归元、能得繁荣、发达成功。,官运通达，财运亨通，繁荣昌盛，富贵至尊';,"(1)最极(包括最吉)之数。还本归元（循环八十一个数理）。故其数理相等基数1。属于体力旺盛，庆幸万多，吉祥重叠。富贵尊荣的大诱导之数。
(2)还本归元，故数理之灵动与基数一相同，乃大吉祥之数也。一生平顺，自助人助天助，能从基层作起，建立伟大事业。也能克服各种困难转化命运，广受尊重。为人宽宏大量，乐于解决别人困难，能获众人拥戴，赢得崇高威望与向心力。"
