number,wuxing,jixiong,score,jixiong,brief,short,description,fortune
1,木,大吉,98,大吉,太极之数,太极之数，万物开泰，生发无穷，利禄亨通。,一为万事万物之始，始者气之始，具有创造、富贵、长寿之意义，为人性刚强且重义气，是一勤奋之格，有乐于助人之心，颇能受人尊仰，但仅有小气而未形成大气，故不可妄动，需缓缓而进，大可成功。,吉祥运（表示健全、幸福、名誉等）。
2,木,大凶,45,大凶,两仪之数,两仪之数，混沌未开，进退保守，志望难达。,此数为万事万物生长之数，但有形无气，有柔顺、无力之意，为人性柔顺，重利，被动，欠缺创新的思考能力，个性叛逆，遇事坚持己见，但无独立气魄。,凶数运（表示逆境、沉浮、薄弱、困难、多灾等）。
3,火,大吉,98,大吉,三才之数,三才之数，天地人和，大事大业，繁荣昌隆。,万物定形之象，能博得名利之数。为人聪明，注重生活享受，心宽量大，具有领导风格，能建立大业之吉数。为人外向好动且重享受，人际关系好，一生顺利；喜欢掌握权力，不受拘束，对部属、晚辈宽厚，是一个天生管理别人的格局。,"首领运（智慧仁勇、立上位、能领导众人）。
吉祥运（表示健全、幸福、名誉等）。"
4,火,凶,50,凶,四象之数,四象之数，待于生发，万事慎重，不具营谋。,此数为不伦不类、无能生存之数，为人大多消极，性阴沉顽固，难成大事。一生精神多苦闷，力不从心，虽有才华也很努力开创，但总是脱离现实，很难被认同；身体尚佳，财运无缺，但对人际关系的处理上，较不圆融，易受亲友误解。不宜从事投机冒险事业，以免遭受失败。,"凶数运（表示逆境、沉浮、薄弱、困难、多灾等）。
孤独运（妻不利夫或夫不利妻）。"
5,土,大吉,98,大吉,五行之数,五行俱权，循环相生，圆通畅达，福祉无穷。,一生贵人多助，吉星高照，温文有礼，很受欢迎，事业常有意外的好运，为人中立平和，能生能成，能四通八达，为人聪敏，性温和忠厚，人缘极佳，能兴家立业之吉数。外表虽沉稳，但内心积极求变，想法新颖具创意，不满足于现状，一心想追求更高境界，一生常变换工作或场所；交际手腕圆满，常令人心服口服。,"吉祥运（表示健全、幸福、名誉等）。
男性双妻运（异性缘旺盛）。
温和运（性情平和、能得上下信望）。"
6,土,半吉,80,半吉,六爻之数,六爻之数，发展变化，天赋美德，吉祥安泰。,为人豪爽，花钱较无节制，此数之人聪慧，兼具有美德之性格，若能平稳持重，可享和乐长寿，不然则容易乐极生悲，反为不利，但不至于会困顿潦倒。一生平顺，容易享有祖上余荫，具长者风范，愿提携后进，深得部属欢心喜爱；较爱面子，用钱较浪费，但在社会上，容易享有高声望。看来桃花多，婚后常有应酬，宜节制。,"次吉祥运（表示多少有些障碍，但能获得吉运）。
男性双妻运（异性缘旺盛）。
温和运（性情平和、能得上下信望）。"
7,金,吉,88,吉,七政之数,七政之数，精悍严谨，天赋之力，吉星照耀。,个性刚毅独立，阳气过盛，为人性情刚硬，锋芒太露，容易与人不和，处事欠缺圆融，因之难免招来麻烦，先天具有天赋精力可克服万重难关。是一个恩怨分明的人，个性急，也很好奇，喜怒哀乐全写在脸上，人际较不和谐，有时自己的好意常被误解，心生怨气。,"吉祥运（表示健全、幸福、名誉等）。
刚情运（性刚固执、意气用事）。"
8,金,吉,85,吉,八卦之数,八卦之数，乾坎艮震，巽离坤兑，无穷无尽。,具有坚忍不拔的恒心和毅力，能贯彻意志成就愿望。但有时坚持己见，却容易迷失方向。具超强意志力和耐力，看来精力旺盛不服输，总是能突破重重难关，获得成功，拥有此数，大都少年早发；是一个宁为鸡头不为凤尾之人，希望自己施展抱负。一生容易成功，但也容易骄傲自满、自大，而引人反感而招来烦恼。,吉祥运（表示健全、幸福、名誉等）。
9,水,凶,50,凶,大成之数,大成之数，蕴涵凶险，或成或败，难以把握。,一生虽理想高，但容易失败，有时有志难伸，知音难寻，容易超越现实不易融于社会。意志不很坚定，行动举止比较轻浮，是为孤苦无依之数，一生恋爱运、亲友运差，较难得到身边之人的帮助，且常陷于是非纠纷之中。倘能在失败挫折中潜心学习，或能在艺术、宗教、五术哲学领域中，渐渐得到成功发展。,凶数运（表示逆境、沉浮、薄弱、困难、多灾等）。
10,水,凶,40,凶,终结之数,终结之数，雪暗飘零，偶或有成，回顾茫然。,"不喜欢过平静的生活，生活漫无目标，好像身陷茫然中，以致会惹上莫明病痛，且易犯官司等不幸之状况。如常说好话，常做善事，就能由绝处而转变大成功。
创业过程比较容易投机取巧，起伏多变，不喜欢循规蹈矩平实的过日。易生意外，为人好面子，有点外华内虚。","凶数运（表示逆境、沉浮、薄弱、困难、多灾等）。
孤独运（妻不利夫或夫不利妻）。"
11,木,大吉,98,大吉,旱苗逢雨,万物更新，调顺发达，恢弘泽世，繁荣富贵。,看来是吉星高照，逢凶化吉之数，一生能平顺通达，福财禄不缺，很早就能享名望，一生敢做敢当，脚踏实地，深受同业或朋友敬佩。此数也是草木逢春、处处生机、天资聪颖之数，为人平稳踏实，得名望，当可大展鸿图。但主观意念稍重，易陷独断独行，反招人怨。,"吉祥运（表示健全、幸福、名誉等）。
温和运（性情平和、能得上下信望）。"
12,木,凶,55,凶,掘井无泉,无理之数，发展薄弱，虽生不足，难酬志向。,做事经不起考验，容易患得患失，遇事则易半途而废，错失良机而后悔莫及，凡事不堪打击，一败涂地，自怜自艾。常图非份之心，招致失败，以致陷入苦境。家族缘甚薄。个性温文儒雅，受朋友欢迎及长辈提拔，但意志薄弱，身体差，无法居领导位置，宜过安稳固定之生活。,"凶数运（表示逆境、沉浮、薄弱、困难、多灾等）。
孤独运（妻不利夫或夫不利妻）。"
13,火,大吉,98,大吉,春日牡丹,才艺多能，智谋奇略，忍柔当事，鸣奏大功。,适合作为领导型人物，外向好动，若从事社交公关、旅行或业务工作，容易发挥长才而获成功。为人足智多谋，多才博学，善于处理事务，具有随机应变之能力，获得大成功之吉数。唯因充满自信，逞其能者，有弄巧反拙，错失良机之暗示。因善外交辞令，应对得体，人缘好，受人欢迎，喜爱热闹场合，性急不拘小节，容易早交异性，人缘好，社会声望崇高。,"首领运（智慧仁勇、立上位、能领导众人）。
吉祥运（表示健全、幸福、名誉等）。
艺能运（富有艺术天才，对审美、艺术、演艺、体育有通达之能）。"
14,火,凶,45,凶,破兆,家庭缘薄，孤独遭难，谋事不达，悲惨不测。,常为经济拮据而困扰，因本位主义太重，不听劝告，一意孤行，为人好虚荣，重外表，不充实内涵，以致诸事不能如意，一生暗淡，家族缘薄，孤独无依，亲友缘薄不得助，孤僻冷漠，为人高傲，所以生活方面很苦闷。,"凶数运（表示逆境、沉浮、薄弱、困难、多灾等）。
艺能运（富有艺术天才，对审美、艺术、演艺、体育有通达之能）。
孤独运（妻不利夫或夫不利妻）。"
15,土,大吉,98,大吉,福寿,福寿圆满，富贵荣誉，涵养雅量，德高望重。,此数容易成功，少年早发，中年即能名利双收，富贵显耀，轻松获得成功，圆满无缺之大吉祥之数，因思想新颖而多变化且为人温良谦恭，能获得提拔，能成功立业。德高望重，福及子孙也。遇困难能得贵人相助，凡事能逢凶化吉；财运不错，为人慷慨大方，受人欢迎，身心健康，精力旺盛，一生少有病痛。,"富贵运（多钱财、富贵、白手可获巨财）。
吉祥运（表示健全、幸福、名誉等）。
男性双妻运（异性缘旺盛）。
温和运（性情平和、能得上下信望）。"
16,土,大吉,98,大吉,厚重,厚德载物，安富尊荣，财官双美，功成名就。,为人较爱面子，一生奋发，有果断力，能任劳任怨不辞劳苦，容易成就财富与功名，而受众人拥戴、推崇，又能获长上器重，而得到名望，成就一番事业，是富贵吉祥之数。与人谦恭有礼也乐于助人，人缘好，乐观幽默，深得异性喜爱；精力充沛，耐性也够。,"首领运（智慧仁勇、立上位、能领导众人）。
富贵运（多钱财、富贵、白手可获巨财）。
吉祥运（表示健全、幸福、名誉等）。
男性双妻运（异性缘旺盛）。
温和运（性情平和、能得上下信望）。"
17,金,半吉,78,半吉,刚强,权威刚强，突破万难，如能容忍，必获成功。,拥有坚忍的毅力令人敬畏，但负担过重，有时会突然崩溃，要小心！做事具有权威性，然而固执己意，缺乏沟通及宽容大量，然知过而无法改善，因之有失人和，受到非议或招失败。若能从善如流，即可大获成功。凡事喜自行做主，所以主观强，不甘屈居于人下，比较不擅处理人际关系，而易招嫉妒，容易为小事而与人争辩不休，宜小心。,"次吉祥运（表示多少有些障碍，但能获得吉运）。
刚情运（性刚固执、意气用事）。"
18,金,吉,90,吉,铁镜重磨,权威显达，博得名利，且养柔德，功成名就。,一生都能脚踏实地做事，有恒心，有毅力，能化阻力为助力，坚忍不拔，过程中容易遇上强劲对手，也有能力应付，且一生中能有权力威望，对事情会全力投入而奋斗不懈，能排除困难，达成目标，最后能名利双收。然因自尊心顽固，以致得不到他人之谅解，影响事业与声望，宜修心养性而安。历经困苦磨练才至成功，律己甚严自视高，给人高傲自大感，容易得罪别人而惹麻烦。,"吉祥运（表示健全、幸福、名誉等）。
艺能运（富有艺术天才，对审美、艺术、演艺、体育有通达之能）。
刚情运（性刚固执、意气用事）。"
19,水,凶,40,凶,多难,风云蔽日，辛苦重来，虽有智谋，万事挫折。,为人虽多才多艺且颇有智能，足以建立大业，博得名利，但中途多遇挫折，以致前功尽弃之叹，人生是属独立早熟型，事业、身体易遭损伤，或卷入是非纠纷，而留下痛苦经验，很多事都功亏一篑，有内外不和之象发生。然亦有富翁、伟人出自此数者；为人想象力丰富，对哲学、宗教、设计往往有良好天份。,凶数运（表示逆境、沉浮、薄弱、困难、多灾等）。
20,水,凶,40,凶,屋下藏金,非业破运，灾难重重，进退维谷，万事难成。,一生不甘过平静生活，为人刚强自负，心直口快，易生是非、不安，厌倦安定生活，喜欢追求刺激，偶有横发之事发生，但也常有惊滔骇浪之事发生，属不佳之格局。故宜修身养性，耐劳节俭，或可平安。好运来得快也去得快，常有是非缠身、身心疲惫的情况发生，应多行善事。,凶数运（表示逆境、沉浮、薄弱、困难、多灾等）。
21,木,吉,95,吉,明月中天,光风霁月，万物确立，官运亨通，大搏名利。,为人刚强，不服他人管束，一生奋发向上，掌握权力，少年运劳碌辛苦，中年运能建立良好名声、地位，但因好面子不服输，容易争风吃醋，宜涵养心性，命运就像万象更新、冬去春来之象，之间虽有劳苦遭遇，但交好运后就能建家立业，大获成功。一生桃花运多，对感情不易控制情绪；喜欢支配、命令别人，容易当领导。,"首领运（智慧仁勇、立上位、能领导众人）。
吉祥运（表示健全、幸福、名誉等）。"
22,木,凶,45,凶,秋草逢霜,秋草逢霜，困难疾弱，虽出豪杰，人生波折。,为人柔弱温和，若有贵人多助则易成功，若缺乏进取之心，则凡事易虎头蛇尾，纷争难息，横生枝节，以致将成失败，诸事不能如意，常受挫折，一生怕会体弱多病，身心过劳等。坐这山望那山高，心比较无定见，博学而不专精，眼高手低，不肯脚踏实地，所以外表华丽而内心空虚，身体稍差，做事易累，神经容易衰弱。,"凶数运（表示逆境、沉浮、薄弱、困难、多灾等）。
孤独运（妻不利夫或夫不利妻）。"
23,火,吉,95,吉,壮丽,旭日东升，壮丽壮观，权威旺盛，功名荣达。,一生桃花多，有异性缘，且具首领气质，懂得运用群众心理，能得众人拥护为其效命；对部属宽厚，在上司面前则自视太高，容易犯上，不甘屈居人下，但因努力进而致大成功，为人心胸开阔，积极进取，名利俱获，之大吉数。,"首领运（智慧仁勇、立上位、能领导众人）。
吉祥运（表示健全、幸福、名誉等）。"
24,火,吉,95,吉,掘藏得金,家门余庆，金钱丰盈，白手成家，财源广进。,心思细密，处事严谨，能于稳健中得到发展，能平步青云；凡事必亲躬，不假人手，自尊强，不愿受人帮助，也能白手从辛苦中起家，个性百折不挠，终就能获得成功，达成愿望。为人方面慷慨，一生善于策划，具有发明力，可享富贵荣华。早年脚踏实地，中年靠信用与才能获得成功，晚年则有发达好收获。用钱精打细算，凡事讲求效益，一生没有大的人生障碍。,"富贵运（多钱财、富贵、白手可获巨财）。
吉祥运（表示健全、幸福、名誉等）。
温和运（性情平和、能得上下信望）。"
25,土,吉,88,吉,荣俊,资性英敏，才能奇特，克服傲慢，尚可成功。,外表看似温柔，其实主观强，有一意孤行的倾向，怪僻多，言词犀利，往往令人难以招架；博学多能，记忆好，恩怨分明，自视高，在不知不觉中孤立了自己，因而群体人际关系难得圆融。为人聪颖，具有特殊才能，尽力而为能获得成功，然因常有信口开河、语带尖酸的个性，与人易生不和而影响人际关系，因此不能不对人生信用方面谨慎对待。对学术、艺术感觉敏锐，往此方面较有发展空间。,"吉祥运（表示健全、幸福、名誉等）。
刚情运（性刚固执、意气用事）。"
26,土,半吉,45,半吉,变怪,变怪之谜，英雄豪杰，波澜重叠，而奏大功。,生命过程两极化，徘徊在黑暗与光明之间，一是意志不坚者，易臣服于逆境之下。富有侠义精神，常遇骇浪惊涛，如能坚持到最后能寻到生机，但意志软弱者，永无光明之日，困守愁苦之境，此数含有放纵、固执等不祥之兆。二是亦有怪杰、名人、政要、孝子等出自此数者。此格多出英雄、志士、烈女，需有超强意志，忍受煎熬，方能成功，常人勿用，以免弄巧成拙。,"次吉祥运（表示多少有些障碍，但能获得吉运）。
艺能运（富有艺术天才，对审美、艺术、演艺、体育有通达之能）。"
27,金,半吉,55,半吉,增长,欲望无止，自我强烈，多受毁谤，尚可成功。,个性急又过于爱面子，早年运尚佳，中年运后渐渐衰微。自尊心颇强，一生不愿向人低头，自视高，很容易眼高手低，由于心智早熟，生性聪明伶俐，我心太强，因之早年能得短暂风发，但中年之后易因得意忘形而招致不顺，以致挫折，心灰意冷，丧失斗志，务宜修心养性，保持人和，处事不可大意，即可保持幸运之延续。虽待人热心，却得不到感激，事业一向平顺，但一旦失败，却又不敢面对现实，需要很长时间才能东山再起。,"次吉祥运（表示多少有些障碍，但能获得吉运）。
刚情运（性刚固执、意气用事）。"
28,金,凶,55,凶,阔水浮萍,遭难之数，豪杰气概，四海漂泊，终世浮躁。,一生中有一意孤行的倾向，心灵空虚容易受伤，因此会留下深刻阴影。一生中物质运丰盛不虞匮乏，很容易受亲友的连累与误解，以致造成情绪上的不安，由于生性豪爽，因此比较容易受流言中伤，引起误解而招来反感，家族六亲缘微薄。,"凶数运（表示逆境、沉浮、薄弱、困难、多灾等）。
孤独运（妻不利夫或夫不利妻）。
刚情运（性刚固执、意气用事）。"
29,水,半吉,85,半吉,智谋,智谋优秀，财力归集，名闻海内，成就大业。,为人聪明能干，特色是英敏果决，善于领导，易得功名。虽自视高，但负责任，能得部属尊敬及上司器重，做事严己律己，可成众人表率，早享名望和地位。为人智谋兼备，具有崇高理想，永远都是精力旺盛，但因不能满足欲望，一意想攀登高峰，以致一落千丈。故知足为乐，谨慎才能无忧。,"首领运（智慧仁勇、立上位、能领导众人）。
富贵运（多钱财、富贵、白手可获巨财）。
次吉祥运（表示多少有些障碍，但能获得吉运）。
艺能运（富有艺术天才，对审美、艺术、演艺、体育有通达之能）。"
30,水,半吉,55,半吉,非运,沉浮不定，凶吉难变，若明若暗，大成大败。,因喜从事冒险活动，所以一生中会有一、二次大困境，但在最危险关头，总会化险为夷，渡过以后就会一帆风顺，功成名就。然而因心情浮沉不定，为人少有定见，处事抓不到重心，以致亦胜亦败，最后可能招致失败。一生中须靠贵人来帮助方可成功。故应认清目标，贯彻始终才能有所成就。做喜事朝三暮四，又爱冒险投机，过不惯平稳安定生活，在判断上如果一意孤行，容易一夕间可能招致身败名裂。,次吉祥运（表示多少有些障碍，但能获得吉运）。
31,木,大吉,98,大吉,春日花开,智勇得志，博得名利，统领众人，繁荣富贵。,为人善于领导，乐于助人，做事总不甘屈居于人下，年轻就容易当上主管或老板。一生财运丰，生活重品味，身体健康良好，如能创业则大吉。为人仁德兼备。有坚定意志能克服困难建立事业，能名利双收，深得得众人拥戴景仰，可享富贵荣华，一生务实进取、努力不懈，能在社会得到好名声与地位。,"首领运（智慧仁勇、立上位、能领导众人）。
吉祥运（表示健全、幸福、名誉等）。
温和运（性情平和、能得上下信望）。"
32,木,大吉,98,大吉,宝马金鞍,侥幸多望，贵人得助，财帛如裕，繁荣至上。,一生中容易获得长辈上司眷顾与提携，能享受庇荫而成功。唯个性急，无定性，博学而不精，但人际关系较圆满，尚能获得他人之助，要顺利成功并不难。为人诚实，认真努力，一生中也善抓住机会，又有贵人提携，终能获得成功，是为光耀门楣之大吉数。为人比较擅交朋友，精于策划，但执行力较差，须依靠别人提拔、合作才获成功。声望地位佳。,"富贵运（多钱财、富贵、白手可获巨财）。
吉祥运（表示健全、幸福、名誉等）。
男性双妻运（异性缘旺盛）。
温和运（性情平和、能得上下信望）。"
33,火,吉,88,吉,旭日升天,旭日升天，鸾凤相会，名闻天下，隆昌至极。,个性是一个好胜争强之人，永不服输，战斗意志高，总不畏辛劳来达成使命，一生容易功成名就，到哪儿皆能风光。为人性情刚毅，才德兼备，具有勇敢果断之精神，成就事业，也能博得名利之吉祥数，但恐性情过刚毅，且做事武断而招来不利。一生中对别人要求严苛，易起反感，很难结善缘，命运中阻力自然增多；但健康良好，财务也丰，可能很早就能当上主管或老板，不错喔。,"富贵运（多钱财、富贵、白手可获巨财）。
吉祥运（表示健全、幸福、名誉等）。
艺能运（富有艺术天才，对审美、艺术、演艺、体育有通达之能）。"
34,火,凶,60,凶,破家,破家之身，见识短小，辛苦遭逢，灾祸至极。,一生中命运坎坷多难，挫折较多，在顺境中，也可能遭逢不测而导致一败涂地；所以须兼具大智大勇之才能，才能渡过重重难关，而至成功，否则容易沉沦惨遭淘汰，此数具有萧条寂寞之意，为人个性倔强，一意孤行，一遇挫折就会心灰意冷，以致无法排解，因之一生郁郁寡欢。此数有六亲缘薄之象，也容易受牵累，或纠缠不清，身体稍差，心情苦闷，常有厌世想法，此数常出英雄烈女。易受制于身体、经济、法律方面的困扰，而困苦不堪。,"凶数运（表示逆境、沉浮、薄弱、困难、多灾等）。
孤独运（妻不利夫或夫不利妻）。"
35,土,吉,95,吉,高楼望月,温和平静，智达通畅，文昌技艺，奏功洋洋。,脑子中充满创新，为人心地善良、忠厚，但处事消极，个性开朗，能广结善缘，能得朋友贵人相助，一生中也能自给自足。才能好，博学多艺，对文学艺术能获得成就，为人温和，而稍嫌守旧封闭，因此不足为首领格，很多事无法仰赖他人而须自立更生，但如有贵人相助较能成功。此数为保守温和之数，故较适于女性取之。兴趣广泛，学习却不精，虽可成通才，却不易在工作上达到顶尖成就。生活小康，喜欢清闲，善于安排人生，待人谦恭，婚姻美满。,"吉祥运（表示健全、幸福、名誉等）。
艺能运（富有艺术天才，对审美、艺术、演艺、体育有通达之能）。
温和运（性情平和、能得上下信望）。"
36,土,凶,65,凶,波澜重叠,波澜重叠，沉浮万状，侠肝义胆，舍己成仁。,好像很容易遇上不满之事，或无端卷入是非纠纷中，因为人豪爽讲义气及容易管闲事，一生中为人打江山而不求回报，当自己有困难时，却不一定能得到别人帮助，真是舍己为人。为人智谋双全，但缺乏自主性及进取之心，故自己比较无法成事，而为他人谋事，却能获成功。乃有军师之才而无主管之格，如一心想工于心计，容易忧劳成疾。为人爱面子，常为财所苦，真是叫富屋贫人，外华内虚，也易受他人牵累。,凶数运（表示逆境、沉浮、薄弱、困难、多灾等）。
37,金,大吉,95,大吉,猛虎出林,权威显达，热诚忠信，宜着雅量，终身荣富。,一生做事恩怨分明，遇事能突破万难，如创业也能成功，算是智仁勇三全。财运丰厚，易受别人尊敬；当遇上困难时，能激起不屈不挠的精神，能以德服人，而得到声望。为人忠诚，言行合一，且具有独立的气魄，应可顺利发展获得成功。但此数理含有刚毅之数，故宜涵养德性，否则有损吉祥。是一个天生主管的格局，年轻时易当老板，待人宽厚，重生活享受，慷慨大方，也受尊敬及多数人欢迎。,"首领运（智慧仁勇、立上位、能领导众人）。
吉祥运（表示健全、幸福、名誉等）。
刚情运（性刚固执、意气用事）。"
38,金,半吉,67,半吉,磨铁成针,意志薄弱，刻意经营，才识不凡，技艺有成。,生来聪明且博学多闻，做事也脚踏实地，但意志稍嫌薄弱，以致荒废事业而自失前程。一生精通研究策划、艺术，在学术方面有发展潜能，但执行力稍嫌不足，不适担任主管职位，如勉强领导则会力不从心，难成大事。因意志薄弱难以贯彻志望，虽具才学，但未能量力而为，有好高骛远倾向，以致一生平平凡凡到老亦难有成就。,"次吉祥运（表示多少有些障碍，但能获得吉运）。
艺能运（富有艺术天才，对审美、艺术、演艺、体育有通达之能）。"
39,水,吉,89,吉,富贵荣华,富贵荣华，财帛丰盈，暗藏险象，德泽四方。,一生中精力充沛，多才多艺，个性积极活泼，社交能力强，容易成为杰出政治家或企业家。此乃贵气之数，有否极泰来，富贵、长寿集于一身之象，是为众所钦佩之数。但有时会物极必反，阳生阴，阴生阳，乱了磁场，不能不谨慎。用钱很大方，恩怨分明，容易被评为爱出风头，个性急，在平稳中显不出威力，当面临困苦时，反而易成就功名。,"首领运（智慧仁勇、立上位、能领导众人）。
吉祥运（表示健全、幸福、名誉等）。
男性双妻运（异性缘旺盛）。"
40,水,凶,45,凶,退安,智谋胆力，冒险投机，沉浮不定，退保平安。,一生中才智聪明，理想过高，对任何事都充满兴趣，但就是不易持久，也不易达到应有荣耀，若能安守本份，一生则可保平安。为人足智多谋，胆识过人，骄傲不逊，易受抨击，因之缺乏威望，一生也喜好冒险，投机取巧，为不吉之数。理想抱负多，也能积极进取，但最后成功的事业，往往不是自己原先的愿望，一生财禄虽不错，但出手大方，喜好排场，易生失败，要好好改进。,凶数运（表示逆境、沉浮、薄弱、困难、多灾等）。
41,木,大吉,98,大吉,有德,纯阳独秀，德高望重，和顺畅达，博得名利。此数为最大好运数。,为人宽厚，男性之最吉数。为人处事光明正大，肚量宽大且朋友多，智仁勇兼备，英雄出少年。上司及部属多为贵人，一生道途平顺，有如明月当空，心地善良。为人慈祥，才智胆识都有，向上前进，能成大事业博得好名利之吉祥数。,"首领运（智慧仁勇、立上位、能领导众人）。
富贵运（多钱财、富贵、白手可获巨财）。
吉祥运（表示健全、幸福、名誉等）。
男性双妻运（异性缘旺盛）。"
42,木,凶,66,凶,寒蝉在柳,博识多能，精通世情，如能专心，尚可成功。,虽聪明灵巧，但有一意孤行的倾向，一生想追求超乎现实的愿景，但不一定能成功，此个性适合做研究、开发工作。一生兴趣多，博学而不精，热心但不易持久，心地善良乐助人，交游广阔，能得人助且多才多艺，博得虚名。唯缺乏恒心毅力，做事不专一，多才少成，中年后恐怕会陷入逆境，为人具有感伤的气氛，宜培养文艺方面，潜心钻研当有所成就。,凶数运（表示逆境、沉浮、薄弱、困难、多灾等）。
43,火,凶,52,凶,散财破产,散财破产，诸事不遂，虽有智谋，财来财去。,给人感觉注重生活品味，一生中桃花多，为人责任心重，做事认真积极，为人恩怨分明，主观强，很容易一意孤行。用钱很大方，恋爱机会多，容易为情所困，虽能建立一时爱情，但基础不够坚稳，难免功败垂成。为人稍具才能，巧饰外表，掩藏劣点，如常故弄玄虚，终会露出马脚，因之失去信誉，宜脚踏实地，实事求是，才能有所成就。,凶数运（表示逆境、沉浮、薄弱、困难、多灾等）。
44,火,凶,55,凶,烦闷,破家亡身，暗藏惨淡，事不如意，乱世怪杰。,思想上感觉怪异，为人也超现实，不擅交际，金钱支配比较无计划，心中有理想，宁舍弃安逸享乐生活而去追求，以致精神生活不安，有时为人意志消沉，缺乏动力，故诸事不顺，多遇失败，以致身体病弱。中年后有发狂之象。但数理中，有隐名之怪杰、伟人、烈士、孝子或节妇也有出自此数。是一个爱憎分明，一生获得少，帮助也少之数理，一生经历漫长艰苦奋斗，很难一夜之间成功。,凶数运（表示逆境、沉浮、薄弱、困难、多灾等）。
45,土,大吉,98,大吉,顺风,新生泰和，顺风扬帆，智谋经纬，富贵繁荣。,此数温和大方且人缘佳，很受别人欢迎，看来性格较被动，容易获得贵人帮助与提拔，因兴趣多，但耐性差，所以常常是先苦后甘，出身虽不好，但能立定志业，善用智慧，有一切操之在我的决心，最后终有所成就。但时运差时，有时常遇事不做决定，就错失良机，若与运强者合伙共事，较易施展才华，为人好面子，不计较小事，算是不错之格。,"首领运（智慧仁勇、立上位、能领导众人）。
吉祥运（表示健全、幸福、名誉等）。"
46,土,凶,48,凶,浪里淘金,载宝沉舟，浪里淘金，大难尝尽，大功有成。,此数为独立不怕艰苦之数，但此生工作事业不顺，常遭变数而功败垂成，为人意志薄弱，较易逢挫折，也易步入歧途，而身陷牢狱。一生难入顺境，家族及六亲缘薄，事业失败等不幸，应以服务心为重，方可转为幸运。须自立更生才能得财，一生中难得到意外之财，能适应任何环境，当得意时，却又容易受别人牵累或身体疾病的打击，而必须从头再起。,凶数运（表示逆境、沉浮、薄弱、困难、多灾等）。
47,金,大吉,98,大吉,点石成金,花开之象，万事如意，祯祥吉庆，天赋幸福。,一生中平顺度日，凡事能心想事成，人际关系和谐，偶遇困难，贵人会来协助，在生活过程中，常能逢凶化吉，做事总能脱颖而出，凡事刚开始时有拘束不如意，但时机成熟时，自能出人头地，家庭美满，子孙贤孝之大吉数。一生交际广，乐于助人，虽花费大，但财运丰，对部属宽厚，擅长为人排解纠纷，在外人缘特好。,"首领运（智慧仁勇、立上位、能领导众人）。
吉祥运（表示健全、幸福、名誉等）。
刚情运（性刚固执、意气用事）。"
48,金,吉,95,吉,古松立鹤,智谋兼备，德量荣达，威望成师，洋洋大观。,此数为容易间接掌握大权，做事能脚踏实地，虽不出名，但负重任，为幕后功臣。一生专精策划与协调，是一个足智多谋之人，是为军师之格。但为人性情镇静，略近消极，是一个有计划、有策略之人才。最好做谋士、顾问之工作，很适合与果敢勇断之士合作。一生贵人多，能受器重、受提拔，而得以一展长才，乐于助人，外缘好，重享受，用钱大方，财虽多，但开销也颇大。,"吉祥运（表示健全、幸福、名誉等）。
艺能运（富有艺术天才，对审美、艺术、演艺、体育有通达之能）。"
49,水,半吉,48,半吉,转变,吉临则吉，凶来则凶，转凶为吉，配好三才。,此数为一生如浮萍，居无定所，多生变动，生活容易陷入苦闷，创业过程总徘徊在不安定中，意识主观强，恩怨分明，性急缺耐性，做事常常半途而废，一生很难得到别人帮助。此数为忽东忽西，时南时北，飘动不定，是为吉凶不定之数。平常如不知开源节流，常为钱苦。,次吉祥运（表示多少有些障碍，但能获得吉运）。
50,水,凶,56,凶,小舟入海,一成一败，吉凶参半，先得庇荫，后遭凄惨。,此数容易在巅峰时突然走下坡路，一切好景不常，凡事应退守为吉，持盈保泰，以维持良好局面。一生温和谦虚待人，评价甚高，贵人多助，容易成名，但往往因自满又一意孤行，而尝到失败，幸贵人多助，才能够东山再起，为人外表上，看似有魄力，而内心却柔弱，易走投机路线，易造成好景不常。似会有六亲缘薄、亲人易分离、事业失败等之象，如以道德为重，或许能转为幸运。,凶数运（表示逆境、沉浮、薄弱、困难、多灾等）。
51,木,半吉,66,半吉,沉浮,盛衰交加，波澜重叠，如能慎始，必获成功。,此数为理想高，能奋力达成愿望不畏辛苦，能少年得志享有声望，对部属要求甚严之数，人生较不擅处理人际关系，如不妥善处理，容易阳、阴互克，物极必反，产生乐极生悲之象。早年就可享天赋异秉福份，无奈于中年后即陷入落魄困苦之境遇。为人性刚、骄傲，易失人和，请好自为之，一生若能独立奋斗就能事业有成，因为不重享受，把工作当娱乐，能享受工作乐趣陶醉在其中。,次吉祥运（表示多少有些障碍，但能获得吉运）。
52,木,吉,95,吉,达眼,卓识达眼，先见之明，智谋超群，名利双收。,一生会为理想而勇往直前，为人聪明能干，但时运不济，有怀才不遇之感，容易功败垂成。易遭外伤，能洞察先机，能见机行事，因之易得机会一跃成功，博得名利双收，有鲤鱼跃龙门之象。中晚年则需小心，因待人很温厚，常有贵人来助，可惜容易受制于意外事故，有一些事无法如愿。,"富贵运（多钱财、富贵、白手可获巨财）。
吉祥运（表示健全、幸福、名誉等）。"
53,火,凶,68,凶,曲卷难星,外祥内患，外祸内安，先富后贫，先贫后富。,"此数为早年顺利发展，晚运略为衰微之数，易遭受失败打击，而自暴自弃，虽能东山再起，却不易积极掌握。外表虽风光炫耀，其实经济拮据，可谓是富屋贫人之象。有此数，家人容易不合，人事处理不好，财物容易散尽，容易陷入逆境。
此数大多出生富贵人家，在工作上喜欢指挥别人，早运出类拔萃，易养成娇气，中年一旦受打击，便不易改变自己习性，自甘堕落，排斥他人的帮助，以致一蹶不振。",凶数运（表示逆境、沉浮、薄弱、困难、多灾等）。
54,火,凶,38,凶,石上栽花,石上栽花，难得有活，忧闷烦来，辛惨不绝。,此数为理想太高，超越现实之数，因有愤世嫉俗之个性，所以渐渐不容于社会，而只能孤芳自赏，有时会为疾病烦恼，精神疲累。有志难伸，是郁郁不平之数，凡事多阻碍而难成就大事业，有时易与人不和，或有身受意外变故之不祥数。大致前运略佳，但后运不好。为人性情冷僻，刚强自恃，久而久之就会与社会隔绝。,凶数运（表示逆境、沉浮、薄弱、困难、多灾等）。
55,土,半吉,67,半吉,善恶,善善得恶，恶恶得善，吉到极限，反生凶险。,此数为外柔内刚之数，一生贵人多助，凡事能按部就班，能实现理想而至成功。然此数5，为阳之极，55阳极加阳极，不但失去阴阳调合，且物极必反，该多接触双数即可中和。外观看似风光得意，内心却充满辛酸，不如意之事，层出不穷。若有坚定心志，忍耐努力，后运也许可以渐入佳境。容易为他人之事劳心，一生中耐力强，能由基层做起而得到上司提拔的机会。,次吉祥运（表示多少有些障碍，但能获得吉运）。
56,土,凶,48,凶,浪里行舟,历尽艰辛，四周障碍，万事龃龌，做事难成。,此数在创业过程中，易遭多方阻碍，难获长辈庇荫，需靠自行发展，白手起家，早运辛苦，行事不顺，因而容易遭突来的打击而失败，前途暗淡。个性柔弱，耐性稍差，一遇挫折便失去信心，好像缺乏进取之精神，难成就大事业。宜养成坚忍不屈之个性，发奋努力到底才能成功，也因亲朋好友助力少，也容易受他人牵累而造成损失。,凶数运（表示逆境、沉浮、薄弱、困难、多灾等）。
57,金,吉,88,吉,日照春松,寒雪青松，夜莺吟春，必遭一过，繁荣白事。,早运较差，历经层层磨炼，中年后就能获得财富与地位。待人严肃且要求高，部属容易受不了。一生中不重生活享受，展现坚强意念，故为人有魄力与耐心，能克服艰难环境，争取成功，受人赞赏，因天资聪明，积极且外向，克服困境终获成功。全心全意放在事业发展上，一定有一番成就，唯人际互动稍欠和谐。,吉祥运（表示健全、幸福、名誉等）。
58,金,半吉,66,半吉,晚行遇月,沉浮多端，先苦后甜，宽宏扬名，富贵繁荣。,此数为早年环境多变之数，中年以后才比较容易成功，前半生事业方向较不稳定，历经数种行业磨炼，中年后用心奋发，脚踏实地，终能闯出一席地位。颇有失而复得之象，一生中大致先遇上破财意外之后，因具有不屈不挠之斗志，得以重建家业，终生安乐之数。虽然才智高，但博学不专，因待人诚恳，朋友颇多，一生受到朋友帮助很大。,次吉祥运（表示多少有些障碍，但能获得吉运）。
59,水,凶,44,凶,寒蝉悲风,寒蝉悲风，意志衰退，缺乏忍耐，苦难不休。,为人性急，理想高，不屈人下，容易与别人发生是非纠纷，造成意外麻烦；为人也不安于现状，欲望大时，时时在求变化，因急躁，耐心不足之个性，所以易遭失败。虽多才多艺，但为人缺少胆识，遇事迟疑不决，因之无法成就大事业。如遇有困难，即裹足不前，缺乏进取精神，以致无法成功，身体方面身体较差，容易有外伤，人际关系较差，不易得到别人帮助，若能放下身段，中年以后运势可望好转。,凶数运（表示逆境、沉浮、薄弱、困难、多灾等）。
60,水,凶,54,凶,无谋,无谋之人，漂泊不定，晦暝暗黑，动摇不安。,具有强烈不服输心态，一心想追求投机行业，很容易受到意外打击，造成困扰。天生具反抗心，常违背长辈，不听规劝；以致黑云罩月、光芒难现。一生中意志不甚坚定，随兴而发，人生毫无计划，以致无所成就，也易招损失财物，陷入困苦烦闷之境。个性孤傲与人寡和，容易有自闭倾象，形成事业困境，易遭意外、财损，造成心情空虚，也容易有桃花纠纷。,凶数运（表示逆境、沉浮、薄弱、困难、多灾等）。
61,木,大吉,98,大吉,牡丹芙蓉,牡丹芙蓉，花开富贵，名利双收，定享天赋。,此数为勤劳奋发，自主独立之数，待人宽厚，乐于助人，能勇往直前，不畏艰苦，能在社会上建立良好事业与财富，为坐收名利，富贵荣华之吉运数。无奈为人太过豪迈刚毅，以致内外不和，可能有缠讼之事发生，故宜修心养性，宜保持人和，即可享天赋之福。有时候有利己主义，不擅应酬交际，一生多靠自己，别人助力少，身体健康，不重享受，一生无大灾难。,吉祥运（表示健全、幸福、名誉等）。
62,木,凶,46,凶,衰败,衰败之象，内外不和，志望难达，灾祸频来。,此数为智慧高超，反应灵敏之数，个性叛逆，一意孤行，但缺乏领导魄力及手腕，因此往往在理想付诸实现时，易有人事不协调困扰。属天地不交，万物不通，内柔而外刚之格，表里不一善掩饰，有失信用，易与人不和，而导致运途困顿。有时待人宽厚，但耐心却不足，做事容易半途而废，易遭小人陷害造成损伤，如果能不担任实际执行或领导的工作较易成功。为人好面子，一生尽力求表现，却未能评估自己能力，容易外华内虚，需改进改进。,凶数运（表示逆境、沉浮、薄弱、困难、多灾等）。
63,火,大吉,95,大吉,舟归平海,富贵荣华，身心安泰，雨露惠泽，万事亨通。,此数为进取向上，理想高，喜欢当首领之数，凡事都能逐一达成，功成名就，发挥长才。生性外向好动且宽厚，乐于助人，交游广阔，朋友多助，不需劳苦伤神，而能诸事如意，此数乃天之所赋也，很好。但是有时容易不安于现状，会有创新的想法，也能求新求变，真是天生老板主管人才。在身体健康方面没问题，事业成功，子女贤孝。,吉祥运（表示健全、幸福、名誉等）。
64,火,凶,44,凶,非命,骨肉分离，孤独悲愁，难得心安，做事不成。,本身虽很有才华，但因循怠惰，过于安逸，而颓废不振，喜欢不劳而获，终至失败，会有阴暗沉沦之象，大都出身不富裕家庭，或有待其重整家园之运数，如不力图振作，危危可急，无奈为人缺乏进取心，一意想改变也欲成就事业，却无魄力，终生不得志。心思变化虽灵敏，唯执行力较差，缺乏活动力，为人自尊心强，易受别人误会，不能忍受轻微挫折打击，易半途而废，缺乏恒心，身体欠安，无法从事辛苦工作，如能得到贵人牵成，则可平实过一生。,凶数运（表示逆境、沉浮、薄弱、困难、多灾等）。
65,土,大吉,98,大吉,巨流归海,天长地久，家运隆昌，福寿绵长，事事成就。,此数为事业有成，家庭欢乐圆满之数，思想新颖且多变化，前途光明通达，功成名就，受人尊敬，显贵之吉运数。为人忠厚诚实，待人和蔼，具有天赋福份，家门显贵、福禄、吉祥，为人宅心仁厚，待人宽律严己，一生长辈、贵人多助，亲友关系圆满，颇受好评，子女贤孝有成。,吉祥运（表示健全、幸福、名誉等）。
66,土,凶,48,凶,岩头步马,进退维谷，艰难不堪，等待时机，一跃而起。,个性固执而理想却高，一生中不容易获得别人帮助，自己又缺少魄力及手腕，容易陷入失败中。凡事力不从心，身体较虚，六亲缘薄，容易误信人言或遭小人陷害，劳心劳力真是有志难伸，性格稍顽固，以致内外不和，影响信用，屡受艰难挑战，终身难有所成。如果条件不足，不如安份守己，谋求一份固定工作。,凶数运（表示逆境、沉浮、薄弱、困难、多灾等）。
67,金,大吉,98,大吉,顺风通达,天赋幸运，四通八达，家道繁昌，富贵东来。,做事善于变化，也善于外交，能察言观色，具有领导天赋，随和大方，注重生活品味，但稍爱面子。能获众人拥戴，在工作场合容易很早就当上主管或老板，好运四通八达，有开创新局之气魄，凡事能如意，终能靠白手起家亦能成功立业。财虽丰，但健康稍差，易有内疾外伤的困扰。,吉祥运（表示健全、幸福、名誉等）。
68,金,大吉,95,大吉,顺风吹帆,智虑周密，集众信达，发明能智，拓展昂进。,为人聪慧灵敏，个性坚忍固执，意志坚定，能从基层做起，建立事业。早运比较辛苦，中年运后贵人来助，从此能平步青云，财富名望水到渠成，为人慷慨大方，深受部属拥戴，为贤达进展之吉数，为人善察事物，意志坚定，能提振家声。尤具发明才能，贡献社会。一生财运丰硕，无大灾，能健康长寿。,吉祥运（表示健全、幸福、名誉等）。
69,水,凶,43,凶,非业,非业非力，精神迫滞，灾害交至，遍偿痛苦。,"一生意外多，理想高，生活苦闷，事业、身体多受打击，终将难有所成就。性急又缺乏耐性，自视高，人际互动差，常陷自己于孤立无援中，为浮动不安之数。一生不安于现况，事业又多陷于泥沼中，以致失意之余，有病弱或精神恍惚之象。
运程不佳，容易与人有财务纠纷，心力交悴，容易陷于愁困之中。",凶数运（表示逆境、沉浮、薄弱、困难、多灾等）。
70,水,凶,45,凶,残菊逢霜,残菊逢霜，寂寞无碍，惨淡忧愁，晚景凄凉。,此数易与亲友有纠纷之象，或不幸之事牵连，常陷入愁苦不平中，无法面对现实而重新振作。为人心急，又好虚荣，对平静之生活没兴趣，然缺乏忍耐力，大多事会到中途而放弃，屡做屡败，因之身体较差，虽有助人之心，但往往自顾不暇，而易遭意外损失，如处理不当，亲友易反目，难以摆脱心灵创伤。,凶数运（表示逆境、沉浮、薄弱、困难、多灾等）。
71,木,半吉,60,半吉,石上金花,石上金花，内心劳苦，贯彻始终，定可昌隆。,外表坚强，内心软弱，一生会为理想勇往直前，容易功成名就，待人诚恳，一生长辈朋友多助，天生是享福之数。本可享受荣华富贵，无奈因缺乏持续力，又无忍耐之心，而无法守成，尤其是拥有此数之人，常常是杞人忧天，庸人自扰，闷闷不乐，像是不祥之数。一生擅为他人排解纷争，受众人爱戴，身体强健，精力旺盛，容易得到现成基业。,次吉祥运（表示多少有些障碍，但能获得吉运）。
72,木,凶,63,凶,劳苦,荣苦相伴，阴云覆月，外表吉祥，内实凶祸。,个性柔弱却又倔强，早年生活安逸享受，犹如温室之花朵，不堪打击，容易屈服颓废。头脑聪明，却博学少精，为人好面子，会有眼高手低之象，若无贵人提拔不易成功。此数为风雨欲来之象，财到劫来，福至祸临，乃为吉凶相随之运数，因此一起一落难有成就。宜多接近权贵，远离小人，见机行事，也许有所成。身体较弱，容易劳累，也容易精神衰弱，该多注意身体。,凶数运（表示逆境、沉浮、薄弱、困难、多灾等）。
73,火,半吉,68,半吉,无勇,盛衰交加，徒有高志，天王福祉，终世平安。,为人保守、谦让，处事偏消极，虽有创业头脑，但不一定能成功，一向谦虚向学，乐于助人，外缘良好，安享平稳生活，但在工作上喜欢指挥别人，而放不下身段。一生想冲事业，但因缺乏进取心，徒具大志，以致平平凡凡中渡过人生，不过平安是福了。注重精神修养与嗜好，子女贤孝有出息。,次吉祥运（表示多少有些障碍，但能获得吉运）。
74,火,凶,45,凶,残菊经霜,残菊经霜，秋叶寂寞，无能无智，辛苦繁多。,为人胆小且无能，依赖他人，精神生活不安定，如不学习独立，很难在社会上生存立足。此运属晚熟型，对长辈上司充满依赖心，心情阴晴不定，内心空虚，为人既无聪明才智，又乏进取心，凡事无力自行决定，常受制于人而动，故一生难有成功机会，到老恐陷入凄凉地步。如果意志不坚，容易半途而废，难达成功境地，很难在社会有所成就。,凶数运（表示逆境、沉浮、薄弱、困难、多灾等）。
75,土,半吉,48,半吉,退守,退守保吉，发迹甚迟，虽有吉象，无谋难成。,外看似温柔，但主观甚强，思想新颖且多变化，口才也很好，容易被评为锋芒太露。对学术艺术具有天份，是一个博学多能，自视高之人，容易不知不觉中刺伤别人，造成自己的孤立。此数属保守平安数，有勇无谋无计划之能力，又乏主宰力，以致易受他人利用，若能保守不动，尚可保安，一生财运平平，如花费太大，容易为钱所苦，又不屑向人低头。,次吉祥运（表示多少有些障碍，但能获得吉运）。
76,土,凶,40,凶,离散,倾覆离散，骨肉分离，内外不和，虽劳无功。,此数可能会有思想荒诞脱离现实之象，一生挫折多，亲友淡薄，一生需靠自己自力更生。本身自视高又缺耐力，做事常会半途而废，一生中常换工作，劳碌一生，多外伤或法律纠纷，为人无远大的抱负，又缺乏细虑，以致信誉、地位、事业都难得成功。,凶数运（表示逆境、沉浮、薄弱、困难、多灾等）。
77,金,半吉,68,半吉,半吉,家庭有悦，半吉半凶，能获援护，陷落不幸。,一生劳碌，性急，容易因误信他人而受骗，幸好一生无大破败。此数为吉凶抱合之数，由兴盛转为衰败，性情过于刚强，处事又很随性，比较不能听取他人意见，以致易生不和，造成人生的伤害。健康良好，财运丰，能吃苦耐劳，唯欠圆滑，热心助人，却得不到感激。,次吉祥运（表示多少有些障碍，但能获得吉运）。
78,金,凶,66,凶,晚苦,祸福参半，先天智能，中年发达，晚景困苦。,此数为脚踏实地，坚忍不屈之数，早运先盛后衰，中年以后容易渐渐失去原有成就，恢复平淡。吉中有凶，为人颇有智能，但也固执，在前运时有发展机会，可惜运入中年之后，即陷入不佳境遇。故中年后宜谨慎守己安份，自可无忧。待人不够圆满，聪明反被聪明误，得意时，门庭若市，失势后，门可罗雀，晚运健康稍差。,凶数运（表示逆境、沉浮、薄弱、困难、多灾等）。
79,水,凶,45,凶,云头望月,云头望月，身疲力尽，穷迫不伸，精神不定。,一生中充满理想，但内心却消极退缩，缺乏进取之心，拥有此数，此生不易有所作为。为人好逸恶劳，若无贵人提携，容易随波逐流，一生中知攻不知守，一意孤行，有唯利是图倾向，缺乏信用，以致易生不和，信誉坠落，陷入失败地步。为人心善柔弱，与人交往宁愿吃亏而不与人争，稍爱面子，人际关系尚好。,凶数运（表示逆境、沉浮、薄弱、困难、多灾等）。
80,水,凶,53,凶,遁吉,辛苦不绝，早入隐遁，安心立命，化凶转吉。,总觉得空虚寂寞，人生在创业过程考验较多，不善事业经营，难以获利。此数有运势退气之象，事业失败，一生容易遭遇困苦，病痛，如理想过高，则易与人交往格格不入，自命清高不凡，容易被社会大众摒弃，造成精神空虚与不安。,凶数运（表示逆境、沉浮、薄弱、困难、多灾等）。
81,木,大吉,98,大吉,万物回春,最吉之数，还本归元，吉祥重叠，富贵尊荣。,还本归元，故数理之灵动与基数一相同，乃大吉祥之数也。一生平顺，自助人助天助，能从基层作起，建立伟大事业。也能克服各种困难转化命运，广受尊重。为人宽宏大量，乐于解决别人困难，能获众人拥戴，赢得崇高威望与向心力。,吉祥运（表示健全、幸福、名誉等）。
